Series Name,Series Code,Country Name,Country Code,most recent
Access to electricity (% of population),EG.ELC.ACCS.ZS,Afghanistan,AFG,97.7
Access to electricity (% of population),EG.ELC.ACCS.ZS,Albania,ALB,100
Access to electricity (% of population),EG.ELC.ACCS.ZS,Algeria,DZA,99.5
Access to electricity (% of population),EG.ELC.ACCS.ZS,American Samoa,ASM,..
Access to electricity (% of population),EG.ELC.ACCS.ZS,Andorra,AND,100
Access to electricity (% of population),EG.ELC.ACCS.ZS,Angola,AGO,45.6703147888184
Access to electricity (% of population),EG.ELC.ACCS.ZS,Antigua and Barbuda,ATG,100
Access to electricity (% of population),EG.ELC.ACCS.ZS,Argentina,ARG,100
Access to electricity (% of population),EG.ELC.ACCS.ZS,Armenia,ARM,100
Access to electricity (% of population),EG.ELC.ACCS.ZS,Aruba,ABW,100
Access to electricity (% of population),EG.ELC.ACCS.ZS,Australia,AUS,100
Access to electricity (% of population),EG.ELC.ACCS.ZS,Austria,AUT,100
Access to electricity (% of population),EG.ELC.ACCS.ZS,Azerbaijan,AZE,100
Access to electricity (% of population),EG.ELC.ACCS.ZS,"Bahamas, The",BHS,100
Access to electricity (% of population),EG.ELC.ACCS.ZS,Bahrain,BHR,100
Access to electricity (% of population),EG.ELC.ACCS.ZS,Bangladesh,BGD,92.2
Access to electricity (% of population),EG.ELC.ACCS.ZS,Barbados,BRB,100
Access to electricity (% of population),EG.ELC.ACCS.ZS,Belarus,BLR,100
Access to electricity (% of population),EG.ELC.ACCS.ZS,Belgium,BEL,100
Access to electricity (% of population),EG.ELC.ACCS.ZS,Belize,BLZ,92.72
Access to electricity (% of population),EG.ELC.ACCS.ZS,Benin,BEN,40.3187408447266
Access to electricity (% of population),EG.ELC.ACCS.ZS,Bermuda,BMU,100
Access to electricity (% of population),EG.ELC.ACCS.ZS,Bhutan,BTN,100
Access to electricity (% of population),EG.ELC.ACCS.ZS,Bolivia,BOL,96.3031005859375
Access to electricity (% of population),EG.ELC.ACCS.ZS,Bosnia and Herzegovina,BIH,100
Access to electricity (% of population),EG.ELC.ACCS.ZS,Botswana,BWA,70.1831817626953
Access to electricity (% of population),EG.ELC.ACCS.ZS,Brazil,BRA,99.8
Access to electricity (% of population),EG.ELC.ACCS.ZS,British Virgin Islands,VGB,100
Access to electricity (% of population),EG.ELC.ACCS.ZS,Brunei Darussalam,BRN,100
Access to electricity (% of population),EG.ELC.ACCS.ZS,Bulgaria,BGR,100
Access to electricity (% of population),EG.ELC.ACCS.ZS,Burkina Faso,BFA,18.3791522979736
Access to electricity (% of population),EG.ELC.ACCS.ZS,Burundi,BDI,11.0647974014282
Access to electricity (% of population),EG.ELC.ACCS.ZS,Cabo Verde,CPV,95.5335388183594
Access to electricity (% of population),EG.ELC.ACCS.ZS,Cambodia,KHM,93
Access to electricity (% of population),EG.ELC.ACCS.ZS,Cameroon,CMR,63.4523124694824
Access to electricity (% of population),EG.ELC.ACCS.ZS,Canada,CAN,100
Access to electricity (% of population),EG.ELC.ACCS.ZS,Cayman Islands,CYM,100
Access to electricity (% of population),EG.ELC.ACCS.ZS,Central African Republic,CAF,14.3
Access to electricity (% of population),EG.ELC.ACCS.ZS,Chad,TCD,8.4
Access to electricity (% of population),EG.ELC.ACCS.ZS,Channel Islands,CHI,100
Access to electricity (% of population),EG.ELC.ACCS.ZS,Chile,CHL,100
Access to electricity (% of population),EG.ELC.ACCS.ZS,China,CHN,100
Access to electricity (% of population),EG.ELC.ACCS.ZS,Colombia,COL,99.7662734985352
Access to electricity (% of population),EG.ELC.ACCS.ZS,Comoros,COM,84.0482406616211
Access to electricity (% of population),EG.ELC.ACCS.ZS,"Congo, Dem. Rep.",COD,19.1
Access to electricity (% of population),EG.ELC.ACCS.ZS,"Congo, Rep.",COG,48.3297233581543
Access to electricity (% of population),EG.ELC.ACCS.ZS,Costa Rica,CRI,99.71
Access to electricity (% of population),EG.ELC.ACCS.ZS,Cote d'Ivoire,CIV,68.5501098632813
Access to electricity (% of population),EG.ELC.ACCS.ZS,Croatia,HRV,100
Access to electricity (% of population),EG.ELC.ACCS.ZS,Cuba,CUB,99.8
Access to electricity (% of population),EG.ELC.ACCS.ZS,Curacao,CUW,100
Access to electricity (% of population),EG.ELC.ACCS.ZS,Cyprus,CYP,100
Access to electricity (% of population),EG.ELC.ACCS.ZS,Czech Republic,CZE,100
Access to electricity (% of population),EG.ELC.ACCS.ZS,Denmark,DNK,100
Access to electricity (% of population),EG.ELC.ACCS.ZS,Djibouti,DJI,61.275936126709
Access to electricity (% of population),EG.ELC.ACCS.ZS,Dominica,DMA,100
Access to electricity (% of population),EG.ELC.ACCS.ZS,Dominican Republic,DOM,100
Access to electricity (% of population),EG.ELC.ACCS.ZS,Ecuador,ECU,100
Access to electricity (% of population),EG.ELC.ACCS.ZS,"Egypt, Arab Rep.",EGY,100
Access to electricity (% of population),EG.ELC.ACCS.ZS,El Salvador,SLV,100
Access to electricity (% of population),EG.ELC.ACCS.ZS,Equatorial Guinea,GNQ,66.5921783447266
Access to electricity (% of population),EG.ELC.ACCS.ZS,Eritrea,ERI,50.3857307434082
Access to electricity (% of population),EG.ELC.ACCS.ZS,Estonia,EST,100
Access to electricity (% of population),EG.ELC.ACCS.ZS,Eswatini,SWZ,77.1696395874023
Access to electricity (% of population),EG.ELC.ACCS.ZS,Ethiopia,ETH,48.2716217041016
Access to electricity (% of population),EG.ELC.ACCS.ZS,Faroe Islands,FRO,100
Access to electricity (% of population),EG.ELC.ACCS.ZS,Fiji,FJI,100
Access to electricity (% of population),EG.ELC.ACCS.ZS,Finland,FIN,100
Access to electricity (% of population),EG.ELC.ACCS.ZS,France,FRA,100
Access to electricity (% of population),EG.ELC.ACCS.ZS,French Polynesia,PYF,100
Access to electricity (% of population),EG.ELC.ACCS.ZS,Gabon,GAB,90.6852569580078
Access to electricity (% of population),EG.ELC.ACCS.ZS,"Gambia, The",GMB,59.9212875366211
Access to electricity (% of population),EG.ELC.ACCS.ZS,Georgia,GEO,100
Access to electricity (% of population),EG.ELC.ACCS.ZS,Germany,DEU,100
Access to electricity (% of population),EG.ELC.ACCS.ZS,Ghana,GHA,83.5
Access to electricity (% of population),EG.ELC.ACCS.ZS,Gibraltar,GIB,100
Access to electricity (% of population),EG.ELC.ACCS.ZS,Greece,GRC,100
Access to electricity (% of population),EG.ELC.ACCS.ZS,Greenland,GRL,100
Access to electricity (% of population),EG.ELC.ACCS.ZS,Grenada,GRD,95.4287414550781
Access to electricity (% of population),EG.ELC.ACCS.ZS,Guam,GUM,100
Access to electricity (% of population),EG.ELC.ACCS.ZS,Guatemala,GTM,95.7245712280273
Access to electricity (% of population),EG.ELC.ACCS.ZS,Guinea,GIN,42.4183883666992
Access to electricity (% of population),EG.ELC.ACCS.ZS,Guinea-Bissau,GNB,31.040412902832
Access to electricity (% of population),EG.ELC.ACCS.ZS,Guyana,GUY,92.0216903686523
Access to electricity (% of population),EG.ELC.ACCS.ZS,Haiti,HTI,45.3713455200195
Access to electricity (% of population),EG.ELC.ACCS.ZS,Honduras,HND,92.7795257568359
Access to electricity (% of population),EG.ELC.ACCS.ZS,"Hong Kong SAR, China",HKG,100
Access to electricity (% of population),EG.ELC.ACCS.ZS,Hungary,HUN,100
Access to electricity (% of population),EG.ELC.ACCS.ZS,Iceland,ISL,100
Access to electricity (% of population),EG.ELC.ACCS.ZS,India,IND,97.8152847290039
Access to electricity (% of population),EG.ELC.ACCS.ZS,Indonesia,IDN,98.85
Access to electricity (% of population),EG.ELC.ACCS.ZS,"Iran, Islamic Rep.",IRN,100
Access to electricity (% of population),EG.ELC.ACCS.ZS,Iraq,IRQ,100
Access to electricity (% of population),EG.ELC.ACCS.ZS,Ireland,IRL,100
Access to electricity (% of population),EG.ELC.ACCS.ZS,Isle of Man,IMN,100
Access to electricity (% of population),EG.ELC.ACCS.ZS,Israel,ISR,100
Access to electricity (% of population),EG.ELC.ACCS.ZS,Italy,ITA,100
Access to electricity (% of population),EG.ELC.ACCS.ZS,Jamaica,JAM,99.3837738037109
Access to electricity (% of population),EG.ELC.ACCS.ZS,Japan,JPN,100
Access to electricity (% of population),EG.ELC.ACCS.ZS,Jordan,JOR,100
Access to electricity (% of population),EG.ELC.ACCS.ZS,Kazakhstan,KAZ,100
Access to electricity (% of population),EG.ELC.ACCS.ZS,Kenya,KEN,69.7
Access to electricity (% of population),EG.ELC.ACCS.ZS,Kiribati,KIR,100
Access to electricity (% of population),EG.ELC.ACCS.ZS,"Korea, Dem. People's Rep.",PRK,49.3727569580078
Access to electricity (% of population),EG.ELC.ACCS.ZS,"Korea, Rep.",KOR,100
Access to electricity (% of population),EG.ELC.ACCS.ZS,Kosovo,XKX,100
Access to electricity (% of population),EG.ELC.ACCS.ZS,Kuwait,KWT,100
Access to electricity (% of population),EG.ELC.ACCS.ZS,Kyrgyz Republic,KGZ,99.8817520141602
Access to electricity (% of population),EG.ELC.ACCS.ZS,Lao PDR,LAO,100
Access to electricity (% of population),EG.ELC.ACCS.ZS,Latvia,LVA,100
Access to electricity (% of population),EG.ELC.ACCS.ZS,Lebanon,LBN,100
Access to electricity (% of population),EG.ELC.ACCS.ZS,Lesotho,LSO,44.6406784057617
Access to electricity (% of population),EG.ELC.ACCS.ZS,Liberia,LBR,27.6492099761963
Access to electricity (% of population),EG.ELC.ACCS.ZS,Libya,LBY,68.5321884155273
Access to electricity (% of population),EG.ELC.ACCS.ZS,Liechtenstein,LIE,100
Access to electricity (% of population),EG.ELC.ACCS.ZS,Lithuania,LTU,100
Access to electricity (% of population),EG.ELC.ACCS.ZS,Luxembourg,LUX,100
Access to electricity (% of population),EG.ELC.ACCS.ZS,"Macao SAR, China",MAC,100
Access to electricity (% of population),EG.ELC.ACCS.ZS,Madagascar,MDG,26.9071846008301
Access to electricity (% of population),EG.ELC.ACCS.ZS,Malawi,MWI,11.2
Access to electricity (% of population),EG.ELC.ACCS.ZS,Malaysia,MYS,100
Access to electricity (% of population),EG.ELC.ACCS.ZS,Maldives,MDV,100
Access to electricity (% of population),EG.ELC.ACCS.ZS,Mali,MLI,48.0212478637695
Access to electricity (% of population),EG.ELC.ACCS.ZS,Malta,MLT,100
Access to electricity (% of population),EG.ELC.ACCS.ZS,Marshall Islands,MHL,97.443603515625
Access to electricity (% of population),EG.ELC.ACCS.ZS,Mauritania,MRT,45.812068939209
Access to electricity (% of population),EG.ELC.ACCS.ZS,Mauritius,MUS,100
Access to electricity (% of population),EG.ELC.ACCS.ZS,Mexico,MEX,100
Access to electricity (% of population),EG.ELC.ACCS.ZS,"Micronesia, Fed. Sts.",FSM,82.116943359375
Access to electricity (% of population),EG.ELC.ACCS.ZS,Moldova,MDA,100
Access to electricity (% of population),EG.ELC.ACCS.ZS,Monaco,MCO,100
Access to electricity (% of population),EG.ELC.ACCS.ZS,Mongolia,MNG,99.1252670288086
Access to electricity (% of population),EG.ELC.ACCS.ZS,Montenegro,MNE,100
Access to electricity (% of population),EG.ELC.ACCS.ZS,Morocco,MAR,99.6
Access to electricity (% of population),EG.ELC.ACCS.ZS,Mozambique,MOZ,29.6161613464355
Access to electricity (% of population),EG.ELC.ACCS.ZS,Myanmar,MMR,68.3566513061523
Access to electricity (% of population),EG.ELC.ACCS.ZS,Namibia,NAM,55.1951179504395
Access to electricity (% of population),EG.ELC.ACCS.ZS,Nauru,NRU,100
Access to electricity (% of population),EG.ELC.ACCS.ZS,Nepal,NPL,89.9
Access to electricity (% of population),EG.ELC.ACCS.ZS,Netherlands,NLD,100
Access to electricity (% of population),EG.ELC.ACCS.ZS,New Caledonia,NCL,100
Access to electricity (% of population),EG.ELC.ACCS.ZS,New Zealand,NZL,100
Access to electricity (% of population),EG.ELC.ACCS.ZS,Nicaragua,NIC,88.2126693725586
Access to electricity (% of population),EG.ELC.ACCS.ZS,Niger,NER,18.7747249603271
Access to electricity (% of population),EG.ELC.ACCS.ZS,Nigeria,NGA,55.4
Access to electricity (% of population),EG.ELC.ACCS.ZS,North Macedonia,MKD,100
Access to electricity (% of population),EG.ELC.ACCS.ZS,Northern Mariana Islands,MNP,100
Access to electricity (% of population),EG.ELC.ACCS.ZS,Norway,NOR,100
Access to electricity (% of population),EG.ELC.ACCS.ZS,Oman,OMN,100
Access to electricity (% of population),EG.ELC.ACCS.ZS,Pakistan,PAK,73.9143600463867
Access to electricity (% of population),EG.ELC.ACCS.ZS,Palau,PLW,100
Access to electricity (% of population),EG.ELC.ACCS.ZS,Panama,PAN,95.8345565795898
Access to electricity (% of population),EG.ELC.ACCS.ZS,Papua New Guinea,PNG,63.4645118713379
Access to electricity (% of population),EG.ELC.ACCS.ZS,Paraguay,PRY,100
Access to electricity (% of population),EG.ELC.ACCS.ZS,Peru,PER,98.3466033935547
Access to electricity (% of population),EG.ELC.ACCS.ZS,Philippines,PHL,95.6286239624023
Access to electricity (% of population),EG.ELC.ACCS.ZS,Poland,POL,100
Access to electricity (% of population),EG.ELC.ACCS.ZS,Portugal,PRT,100
Access to electricity (% of population),EG.ELC.ACCS.ZS,Puerto Rico,PRI,100
Access to electricity (% of population),EG.ELC.ACCS.ZS,Qatar,QAT,100
Access to electricity (% of population),EG.ELC.ACCS.ZS,Romania,ROU,100
Access to electricity (% of population),EG.ELC.ACCS.ZS,Russian Federation,RUS,100
Access to electricity (% of population),EG.ELC.ACCS.ZS,Rwanda,RWA,37.7824363708496
Access to electricity (% of population),EG.ELC.ACCS.ZS,Samoa,WSM,99.2
Access to electricity (% of population),EG.ELC.ACCS.ZS,San Marino,SMR,100
Access to electricity (% of population),EG.ELC.ACCS.ZS,Sao Tome and Principe,STP,75.1819076538086
Access to electricity (% of population),EG.ELC.ACCS.ZS,Saudi Arabia,SAU,100
Access to electricity (% of population),EG.ELC.ACCS.ZS,Senegal,SEN,70.4
Access to electricity (% of population),EG.ELC.ACCS.ZS,Serbia,SRB,99.8
Access to electricity (% of population),EG.ELC.ACCS.ZS,Seychelles,SYC,100
Access to electricity (% of population),EG.ELC.ACCS.ZS,Sierra Leone,SLE,22.7
Access to electricity (% of population),EG.ELC.ACCS.ZS,Singapore,SGP,100
Access to electricity (% of population),EG.ELC.ACCS.ZS,Sint Maarten (Dutch part),SXM,100
Access to electricity (% of population),EG.ELC.ACCS.ZS,Slovak Republic,SVK,100
Access to electricity (% of population),EG.ELC.ACCS.ZS,Slovenia,SVN,100
Access to electricity (% of population),EG.ELC.ACCS.ZS,Solomon Islands,SLB,70.2584915161133
Access to electricity (% of population),EG.ELC.ACCS.ZS,Somalia,SOM,36.0331954956055
Access to electricity (% of population),EG.ELC.ACCS.ZS,South Africa,ZAF,85
Access to electricity (% of population),EG.ELC.ACCS.ZS,South Sudan,SSD,6.72053527832031
Access to electricity (% of population),EG.ELC.ACCS.ZS,Spain,ESP,100
Access to electricity (% of population),EG.ELC.ACCS.ZS,Sri Lanka,LKA,100
Access to electricity (% of population),EG.ELC.ACCS.ZS,St. Kitts and Nevis,KNA,100
Access to electricity (% of population),EG.ELC.ACCS.ZS,St. Lucia,LCA,99.5477752685547
Access to electricity (% of population),EG.ELC.ACCS.ZS,St. Martin (French part),MAF,100
Access to electricity (% of population),EG.ELC.ACCS.ZS,St. Vincent and the Grenadines,VCT,100
Access to electricity (% of population),EG.ELC.ACCS.ZS,Sudan,SDN,53.8270721435547
Access to electricity (% of population),EG.ELC.ACCS.ZS,Suriname,SUR,97.8873519897461
Access to electricity (% of population),EG.ELC.ACCS.ZS,Sweden,SWE,100
Access to electricity (% of population),EG.ELC.ACCS.ZS,Switzerland,CHE,100
Access to electricity (% of population),EG.ELC.ACCS.ZS,Syrian Arab Republic,SYR,89.3248825073242
Access to electricity (% of population),EG.ELC.ACCS.ZS,Tajikistan,TJK,99.6353912353516
Access to electricity (% of population),EG.ELC.ACCS.ZS,Tanzania,TZA,37.7
Access to electricity (% of population),EG.ELC.ACCS.ZS,Thailand,THA,99.9
Access to electricity (% of population),EG.ELC.ACCS.ZS,Timor-Leste,TLS,94.716178894043
Access to electricity (% of population),EG.ELC.ACCS.ZS,Togo,TGO,52.4410972595215
Access to electricity (% of population),EG.ELC.ACCS.ZS,Tonga,TON,98.4
Access to electricity (% of population),EG.ELC.ACCS.ZS,Trinidad and Tobago,TTO,100
Access to electricity (% of population),EG.ELC.ACCS.ZS,Tunisia,TUN,100
Access to electricity (% of population),EG.ELC.ACCS.ZS,Turkey,TUR,100
Access to electricity (% of population),EG.ELC.ACCS.ZS,Turkmenistan,TKM,99.9
Access to electricity (% of population),EG.ELC.ACCS.ZS,Turks and Caicos Islands,TCA,100
Access to electricity (% of population),EG.ELC.ACCS.ZS,Tuvalu,TUV,100
Access to electricity (% of population),EG.ELC.ACCS.ZS,Uganda,UGA,41.3
Access to electricity (% of population),EG.ELC.ACCS.ZS,Ukraine,UKR,100
Access to electricity (% of population),EG.ELC.ACCS.ZS,United Arab Emirates,ARE,100
Access to electricity (% of population),EG.ELC.ACCS.ZS,United Kingdom,GBR,100
Access to electricity (% of population),EG.ELC.ACCS.ZS,United States,USA,100
Access to electricity (% of population),EG.ELC.ACCS.ZS,Uruguay,URY,99.9
Access to electricity (% of population),EG.ELC.ACCS.ZS,Uzbekistan,UZB,100
Access to electricity (% of population),EG.ELC.ACCS.ZS,Vanuatu,VUT,64.6662368774414
Access to electricity (% of population),EG.ELC.ACCS.ZS,"Venezuela, RB",VEN,100
Access to electricity (% of population),EG.ELC.ACCS.ZS,Vietnam,VNM,99.4
Access to electricity (% of population),EG.ELC.ACCS.ZS,Virgin Islands (U.S.),VIR,100
Access to electricity (% of population),EG.ELC.ACCS.ZS,West Bank and Gaza,PSE,100
Access to electricity (% of population),EG.ELC.ACCS.ZS,"Yemen, Rep.",YEM,72.7517013549805
Access to electricity (% of population),EG.ELC.ACCS.ZS,Zambia,ZMB,43
Access to electricity (% of population),EG.ELC.ACCS.ZS,Zimbabwe,ZWE,41.0891075134277
Access to electricity (% of population),EG.ELC.ACCS.ZS,Africa Eastern and Southern,AFE,43.6406611120552
Access to electricity (% of population),EG.ELC.ACCS.ZS,Africa Western and Central,AFW,51.3414214713772
Access to electricity (% of population),EG.ELC.ACCS.ZS,Arab World,ARB,89.5122823188562
Access to electricity (% of population),EG.ELC.ACCS.ZS,Caribbean small states,CSS,98.2805049123194
Access to electricity (% of population),EG.ELC.ACCS.ZS,Central Europe and the Baltics,CEB,100
Access to electricity (% of population),EG.ELC.ACCS.ZS,Early-demographic dividend,EAR,92.5425525884854
Access to electricity (% of population),EG.ELC.ACCS.ZS,East Asia & Pacific,EAS,98.1282095178646
Access to electricity (% of population),EG.ELC.ACCS.ZS,East Asia & Pacific (excluding high income),EAP,97.928473010217
Access to electricity (% of population),EG.ELC.ACCS.ZS,East Asia & Pacific (IDA & IBRD countries),TEA,98.531136884703
Access to electricity (% of population),EG.ELC.ACCS.ZS,Euro area,EMU,100
Access to electricity (% of population),EG.ELC.ACCS.ZS,Europe & Central Asia,ECS,99.9933262896169
Access to electricity (% of population),EG.ELC.ACCS.ZS,Europe & Central Asia (excluding high income),ECA,99.9853252392452
Access to electricity (% of population),EG.ELC.ACCS.ZS,Europe & Central Asia (IDA & IBRD countries),TEC,99.9866637854927
Access to electricity (% of population),EG.ELC.ACCS.ZS,European Union,EUU,100
Access to electricity (% of population),EG.ELC.ACCS.ZS,Fragile and conflict affected situations,FCS,54.0668968388692
Access to electricity (% of population),EG.ELC.ACCS.ZS,Heavily indebted poor countries (HIPC),HPC,44.624965142776
Access to electricity (% of population),EG.ELC.ACCS.ZS,High income,HIC,99.9997084133116
Access to electricity (% of population),EG.ELC.ACCS.ZS,IBRD only,IBD,98.5020644166285
Access to electricity (% of population),EG.ELC.ACCS.ZS,IDA & IBRD total,IBT,88.5072654671676
Access to electricity (% of population),EG.ELC.ACCS.ZS,IDA blend,IDB,66.8390685707299
Access to electricity (% of population),EG.ELC.ACCS.ZS,IDA only,IDX,56.0770462878388
Access to electricity (% of population),EG.ELC.ACCS.ZS,IDA total,IDA,59.69449796025
Access to electricity (% of population),EG.ELC.ACCS.ZS,Late-demographic dividend,LTE,99.370136272752
Access to electricity (% of population),EG.ELC.ACCS.ZS,Latin America & Caribbean,LCN,98.4242947003898
Access to electricity (% of population),EG.ELC.ACCS.ZS,Latin America & Caribbean (excluding high income),LAC,98.2727196289258
Access to electricity (% of population),EG.ELC.ACCS.ZS,Latin America & the Caribbean (IDA & IBRD countries),TLA,98.3884466100942
Access to electricity (% of population),EG.ELC.ACCS.ZS,Least developed countries: UN classification,LDC,52.778280639013
Access to electricity (% of population),EG.ELC.ACCS.ZS,Low & middle income,LMY,88.2104305426259
Access to electricity (% of population),EG.ELC.ACCS.ZS,Low income,LIC,40.9233418068988
Access to electricity (% of population),EG.ELC.ACCS.ZS,Lower middle income,LMC,89.0355255220612
Access to electricity (% of population),EG.ELC.ACCS.ZS,Middle East & North Africa,MEA,97.2325397952462
Access to electricity (% of population),EG.ELC.ACCS.ZS,Middle East & North Africa (excluding high income),MNA,96.7546478509521
Access to electricity (% of population),EG.ELC.ACCS.ZS,Middle East & North Africa (IDA & IBRD countries),TMN,96.7151297024778
Access to electricity (% of population),EG.ELC.ACCS.ZS,Middle income,MIC,93.5051687231702
Access to electricity (% of population),EG.ELC.ACCS.ZS,North America,NAC,100
Access to electricity (% of population),EG.ELC.ACCS.ZS,Not classified,INX,..
Access to electricity (% of population),EG.ELC.ACCS.ZS,OECD members,OED,99.9903069691327
Access to electricity (% of population),EG.ELC.ACCS.ZS,Other small states,OSS,78.2433313967778
Access to electricity (% of population),EG.ELC.ACCS.ZS,Pacific island small states,PSS,86.7457805831812
Access to electricity (% of population),EG.ELC.ACCS.ZS,Post-demographic dividend,PST,99.9979628999274
Access to electricity (% of population),EG.ELC.ACCS.ZS,Pre-demographic dividend,PRE,47.2310597180698
Access to electricity (% of population),EG.ELC.ACCS.ZS,Small states,SST,82.3517286602135
Access to electricity (% of population),EG.ELC.ACCS.ZS,South Asia,SAS,94.3987291867754
Access to electricity (% of population),EG.ELC.ACCS.ZS,South Asia (IDA & IBRD),TSA,94.3987291867753
Access to electricity (% of population),EG.ELC.ACCS.ZS,Sub-Saharan Africa,SSF,46.7496855937183
Access to electricity (% of population),EG.ELC.ACCS.ZS,Sub-Saharan Africa (excluding high income),SSA,46.7449889195289
Access to electricity (% of population),EG.ELC.ACCS.ZS,Sub-Saharan Africa (IDA & IBRD countries),TSS,46.7496855937183
Access to electricity (% of population),EG.ELC.ACCS.ZS,Upper middle income,UMC,99.377402610043
Access to electricity (% of population),EG.ELC.ACCS.ZS,World,WLD,90.0840305215138
"Hospital beds (per 1,000 people)",SH.MED.BEDS.ZS,Afghanistan,AFG,0.39
"Hospital beds (per 1,000 people)",SH.MED.BEDS.ZS,Albania,ALB,2.89
"Hospital beds (per 1,000 people)",SH.MED.BEDS.ZS,Algeria,DZA,1.9
"Hospital beds (per 1,000 people)",SH.MED.BEDS.ZS,American Samoa,ASM,..
"Hospital beds (per 1,000 people)",SH.MED.BEDS.ZS,Andorra,AND,2.5
"Hospital beds (per 1,000 people)",SH.MED.BEDS.ZS,Angola,AGO,0.8
"Hospital beds (per 1,000 people)",SH.MED.BEDS.ZS,Antigua and Barbuda,ATG,2.89
"Hospital beds (per 1,000 people)",SH.MED.BEDS.ZS,Argentina,ARG,4.99
"Hospital beds (per 1,000 people)",SH.MED.BEDS.ZS,Armenia,ARM,4.2
"Hospital beds (per 1,000 people)",SH.MED.BEDS.ZS,Aruba,ABW,..
"Hospital beds (per 1,000 people)",SH.MED.BEDS.ZS,Australia,AUS,3.84
"Hospital beds (per 1,000 people)",SH.MED.BEDS.ZS,Austria,AUT,7.27
"Hospital beds (per 1,000 people)",SH.MED.BEDS.ZS,Azerbaijan,AZE,4.82
"Hospital beds (per 1,000 people)",SH.MED.BEDS.ZS,"Bahamas, The",BHS,2.96
"Hospital beds (per 1,000 people)",SH.MED.BEDS.ZS,Bahrain,BHR,1.74
"Hospital beds (per 1,000 people)",SH.MED.BEDS.ZS,Bangladesh,BGD,0.79
"Hospital beds (per 1,000 people)",SH.MED.BEDS.ZS,Barbados,BRB,5.97
"Hospital beds (per 1,000 people)",SH.MED.BEDS.ZS,Belarus,BLR,10.83
"Hospital beds (per 1,000 people)",SH.MED.BEDS.ZS,Belgium,BEL,5.58
"Hospital beds (per 1,000 people)",SH.MED.BEDS.ZS,Belize,BLZ,1.04
"Hospital beds (per 1,000 people)",SH.MED.BEDS.ZS,Benin,BEN,0.5
"Hospital beds (per 1,000 people)",SH.MED.BEDS.ZS,Bermuda,BMU,6.3000001907
"Hospital beds (per 1,000 people)",SH.MED.BEDS.ZS,Bhutan,BTN,1.74
"Hospital beds (per 1,000 people)",SH.MED.BEDS.ZS,Bolivia,BOL,1.29
"Hospital beds (per 1,000 people)",SH.MED.BEDS.ZS,Bosnia and Herzegovina,BIH,3.49
"Hospital beds (per 1,000 people)",SH.MED.BEDS.ZS,Botswana,BWA,1.8
"Hospital beds (per 1,000 people)",SH.MED.BEDS.ZS,Brazil,BRA,2.09
"Hospital beds (per 1,000 people)",SH.MED.BEDS.ZS,British Virgin Islands,VGB,..
"Hospital beds (per 1,000 people)",SH.MED.BEDS.ZS,Brunei Darussalam,BRN,2.85
"Hospital beds (per 1,000 people)",SH.MED.BEDS.ZS,Bulgaria,BGR,7.45
"Hospital beds (per 1,000 people)",SH.MED.BEDS.ZS,Burkina Faso,BFA,0.4
"Hospital beds (per 1,000 people)",SH.MED.BEDS.ZS,Burundi,BDI,0.79
"Hospital beds (per 1,000 people)",SH.MED.BEDS.ZS,Cabo Verde,CPV,2.1
"Hospital beds (per 1,000 people)",SH.MED.BEDS.ZS,Cambodia,KHM,0.9
"Hospital beds (per 1,000 people)",SH.MED.BEDS.ZS,Cameroon,CMR,1.3
"Hospital beds (per 1,000 people)",SH.MED.BEDS.ZS,Canada,CAN,2.52
"Hospital beds (per 1,000 people)",SH.MED.BEDS.ZS,Cayman Islands,CYM,3
"Hospital beds (per 1,000 people)",SH.MED.BEDS.ZS,Central African Republic,CAF,1
"Hospital beds (per 1,000 people)",SH.MED.BEDS.ZS,Chad,TCD,0.4
"Hospital beds (per 1,000 people)",SH.MED.BEDS.ZS,Channel Islands,CHI,10.595100402832
"Hospital beds (per 1,000 people)",SH.MED.BEDS.ZS,Chile,CHL,2.06
"Hospital beds (per 1,000 people)",SH.MED.BEDS.ZS,China,CHN,4.31
"Hospital beds (per 1,000 people)",SH.MED.BEDS.ZS,Colombia,COL,1.71
"Hospital beds (per 1,000 people)",SH.MED.BEDS.ZS,Comoros,COM,2.16
"Hospital beds (per 1,000 people)",SH.MED.BEDS.ZS,"Congo, Dem. Rep.",COD,0.8
"Hospital beds (per 1,000 people)",SH.MED.BEDS.ZS,"Congo, Rep.",COG,1.6
"Hospital beds (per 1,000 people)",SH.MED.BEDS.ZS,Costa Rica,CRI,1.1
"Hospital beds (per 1,000 people)",SH.MED.BEDS.ZS,Cote d'Ivoire,CIV,0.4
"Hospital beds (per 1,000 people)",SH.MED.BEDS.ZS,Croatia,HRV,5.54
"Hospital beds (per 1,000 people)",SH.MED.BEDS.ZS,Cuba,CUB,5.33
"Hospital beds (per 1,000 people)",SH.MED.BEDS.ZS,Curacao,CUW,..
"Hospital beds (per 1,000 people)",SH.MED.BEDS.ZS,Cyprus,CYP,3.4
"Hospital beds (per 1,000 people)",SH.MED.BEDS.ZS,Czech Republic,CZE,6.62
"Hospital beds (per 1,000 people)",SH.MED.BEDS.ZS,Denmark,DNK,2.6
"Hospital beds (per 1,000 people)",SH.MED.BEDS.ZS,Djibouti,DJI,1.4
"Hospital beds (per 1,000 people)",SH.MED.BEDS.ZS,Dominica,DMA,3.8
"Hospital beds (per 1,000 people)",SH.MED.BEDS.ZS,Dominican Republic,DOM,1.56
"Hospital beds (per 1,000 people)",SH.MED.BEDS.ZS,Ecuador,ECU,1.39
"Hospital beds (per 1,000 people)",SH.MED.BEDS.ZS,"Egypt, Arab Rep.",EGY,1.43
"Hospital beds (per 1,000 people)",SH.MED.BEDS.ZS,El Salvador,SLV,1.2
"Hospital beds (per 1,000 people)",SH.MED.BEDS.ZS,Equatorial Guinea,GNQ,2.1
"Hospital beds (per 1,000 people)",SH.MED.BEDS.ZS,Eritrea,ERI,0.7
"Hospital beds (per 1,000 people)",SH.MED.BEDS.ZS,Estonia,EST,4.57
"Hospital beds (per 1,000 people)",SH.MED.BEDS.ZS,Eswatini,SWZ,2.1
"Hospital beds (per 1,000 people)",SH.MED.BEDS.ZS,Ethiopia,ETH,0.33
"Hospital beds (per 1,000 people)",SH.MED.BEDS.ZS,Faroe Islands,FRO,..
"Hospital beds (per 1,000 people)",SH.MED.BEDS.ZS,Fiji,FJI,2
"Hospital beds (per 1,000 people)",SH.MED.BEDS.ZS,Finland,FIN,3.61
"Hospital beds (per 1,000 people)",SH.MED.BEDS.ZS,France,FRA,5.91
"Hospital beds (per 1,000 people)",SH.MED.BEDS.ZS,French Polynesia,PYF,..
"Hospital beds (per 1,000 people)",SH.MED.BEDS.ZS,Gabon,GAB,6.3
"Hospital beds (per 1,000 people)",SH.MED.BEDS.ZS,"Gambia, The",GMB,1.1
"Hospital beds (per 1,000 people)",SH.MED.BEDS.ZS,Georgia,GEO,2.89
"Hospital beds (per 1,000 people)",SH.MED.BEDS.ZS,Germany,DEU,8
"Hospital beds (per 1,000 people)",SH.MED.BEDS.ZS,Ghana,GHA,0.9
"Hospital beds (per 1,000 people)",SH.MED.BEDS.ZS,Gibraltar,GIB,..
"Hospital beds (per 1,000 people)",SH.MED.BEDS.ZS,Greece,GRC,4.2
"Hospital beds (per 1,000 people)",SH.MED.BEDS.ZS,Greenland,GRL,14.3534002304077
"Hospital beds (per 1,000 people)",SH.MED.BEDS.ZS,Grenada,GRD,3.57
"Hospital beds (per 1,000 people)",SH.MED.BEDS.ZS,Guam,GUM,..
"Hospital beds (per 1,000 people)",SH.MED.BEDS.ZS,Guatemala,GTM,0.44
"Hospital beds (per 1,000 people)",SH.MED.BEDS.ZS,Guinea,GIN,0.3
"Hospital beds (per 1,000 people)",SH.MED.BEDS.ZS,Guinea-Bissau,GNB,1
"Hospital beds (per 1,000 people)",SH.MED.BEDS.ZS,Guyana,GUY,1.71
"Hospital beds (per 1,000 people)",SH.MED.BEDS.ZS,Haiti,HTI,0.71
"Hospital beds (per 1,000 people)",SH.MED.BEDS.ZS,Honduras,HND,0.64
"Hospital beds (per 1,000 people)",SH.MED.BEDS.ZS,"Hong Kong SAR, China",HKG,4.89090013504028
"Hospital beds (per 1,000 people)",SH.MED.BEDS.ZS,Hungary,HUN,7.01
"Hospital beds (per 1,000 people)",SH.MED.BEDS.ZS,Iceland,ISL,2.83
"Hospital beds (per 1,000 people)",SH.MED.BEDS.ZS,India,IND,0.53
"Hospital beds (per 1,000 people)",SH.MED.BEDS.ZS,Indonesia,IDN,1.04
"Hospital beds (per 1,000 people)",SH.MED.BEDS.ZS,"Iran, Islamic Rep.",IRN,1.56
"Hospital beds (per 1,000 people)",SH.MED.BEDS.ZS,Iraq,IRQ,1.32
"Hospital beds (per 1,000 people)",SH.MED.BEDS.ZS,Ireland,IRL,2.97
"Hospital beds (per 1,000 people)",SH.MED.BEDS.ZS,Isle of Man,IMN,1.58427938375929
"Hospital beds (per 1,000 people)",SH.MED.BEDS.ZS,Israel,ISR,2.98
"Hospital beds (per 1,000 people)",SH.MED.BEDS.ZS,Italy,ITA,3.14
"Hospital beds (per 1,000 people)",SH.MED.BEDS.ZS,Jamaica,JAM,1.72
"Hospital beds (per 1,000 people)",SH.MED.BEDS.ZS,Japan,JPN,12.98
"Hospital beds (per 1,000 people)",SH.MED.BEDS.ZS,Jordan,JOR,1.47
"Hospital beds (per 1,000 people)",SH.MED.BEDS.ZS,Kazakhstan,KAZ,6.06
"Hospital beds (per 1,000 people)",SH.MED.BEDS.ZS,Kenya,KEN,1.4
"Hospital beds (per 1,000 people)",SH.MED.BEDS.ZS,Kiribati,KIR,1.86
"Hospital beds (per 1,000 people)",SH.MED.BEDS.ZS,"Korea, Dem. People's Rep.",PRK,13.2
"Hospital beds (per 1,000 people)",SH.MED.BEDS.ZS,"Korea, Rep.",KOR,12.43
"Hospital beds (per 1,000 people)",SH.MED.BEDS.ZS,Kosovo,XKX,..
"Hospital beds (per 1,000 people)",SH.MED.BEDS.ZS,Kuwait,KWT,2.04
"Hospital beds (per 1,000 people)",SH.MED.BEDS.ZS,Kyrgyz Republic,KGZ,4.41
"Hospital beds (per 1,000 people)",SH.MED.BEDS.ZS,Lao PDR,LAO,1.5
"Hospital beds (per 1,000 people)",SH.MED.BEDS.ZS,Latvia,LVA,5.49
"Hospital beds (per 1,000 people)",SH.MED.BEDS.ZS,Lebanon,LBN,2.73
"Hospital beds (per 1,000 people)",SH.MED.BEDS.ZS,Lesotho,LSO,1.3
"Hospital beds (per 1,000 people)",SH.MED.BEDS.ZS,Liberia,LBR,0.8
"Hospital beds (per 1,000 people)",SH.MED.BEDS.ZS,Libya,LBY,3.2
"Hospital beds (per 1,000 people)",SH.MED.BEDS.ZS,Liechtenstein,LIE,..
"Hospital beds (per 1,000 people)",SH.MED.BEDS.ZS,Lithuania,LTU,6.43
"Hospital beds (per 1,000 people)",SH.MED.BEDS.ZS,Luxembourg,LUX,4.26
"Hospital beds (per 1,000 people)",SH.MED.BEDS.ZS,"Macao SAR, China",MAC,5.29530000686646
"Hospital beds (per 1,000 people)",SH.MED.BEDS.ZS,Madagascar,MDG,0.2
"Hospital beds (per 1,000 people)",SH.MED.BEDS.ZS,Malawi,MWI,1.3
"Hospital beds (per 1,000 people)",SH.MED.BEDS.ZS,Malaysia,MYS,1.88
"Hospital beds (per 1,000 people)",SH.MED.BEDS.ZS,Maldives,MDV,4.3
"Hospital beds (per 1,000 people)",SH.MED.BEDS.ZS,Mali,MLI,0.1
"Hospital beds (per 1,000 people)",SH.MED.BEDS.ZS,Malta,MLT,4.49
"Hospital beds (per 1,000 people)",SH.MED.BEDS.ZS,Marshall Islands,MHL,2.7
"Hospital beds (per 1,000 people)",SH.MED.BEDS.ZS,Mauritania,MRT,0.4
"Hospital beds (per 1,000 people)",SH.MED.BEDS.ZS,Mauritius,MUS,3.4
"Hospital beds (per 1,000 people)",SH.MED.BEDS.ZS,Mexico,MEX,0.98
"Hospital beds (per 1,000 people)",SH.MED.BEDS.ZS,"Micronesia, Fed. Sts.",FSM,3.2
"Hospital beds (per 1,000 people)",SH.MED.BEDS.ZS,Moldova,MDA,5.66
"Hospital beds (per 1,000 people)",SH.MED.BEDS.ZS,Monaco,MCO,13.8
"Hospital beds (per 1,000 people)",SH.MED.BEDS.ZS,Mongolia,MNG,8
"Hospital beds (per 1,000 people)",SH.MED.BEDS.ZS,Montenegro,MNE,3.86
"Hospital beds (per 1,000 people)",SH.MED.BEDS.ZS,Morocco,MAR,1
"Hospital beds (per 1,000 people)",SH.MED.BEDS.ZS,Mozambique,MOZ,0.7
"Hospital beds (per 1,000 people)",SH.MED.BEDS.ZS,Myanmar,MMR,1.04
"Hospital beds (per 1,000 people)",SH.MED.BEDS.ZS,Namibia,NAM,2.7
"Hospital beds (per 1,000 people)",SH.MED.BEDS.ZS,Nauru,NRU,5
"Hospital beds (per 1,000 people)",SH.MED.BEDS.ZS,Nepal,NPL,0.3
"Hospital beds (per 1,000 people)",SH.MED.BEDS.ZS,Netherlands,NLD,3.17
"Hospital beds (per 1,000 people)",SH.MED.BEDS.ZS,New Caledonia,NCL,..
"Hospital beds (per 1,000 people)",SH.MED.BEDS.ZS,New Zealand,NZL,2.57
"Hospital beds (per 1,000 people)",SH.MED.BEDS.ZS,Nicaragua,NIC,0.93
"Hospital beds (per 1,000 people)",SH.MED.BEDS.ZS,Niger,NER,0.39
"Hospital beds (per 1,000 people)",SH.MED.BEDS.ZS,Nigeria,NGA,0.5
"Hospital beds (per 1,000 people)",SH.MED.BEDS.ZS,North Macedonia,MKD,4.28
"Hospital beds (per 1,000 people)",SH.MED.BEDS.ZS,Northern Mariana Islands,MNP,..
"Hospital beds (per 1,000 people)",SH.MED.BEDS.ZS,Norway,NOR,3.53
"Hospital beds (per 1,000 people)",SH.MED.BEDS.ZS,Oman,OMN,1.47
"Hospital beds (per 1,000 people)",SH.MED.BEDS.ZS,Pakistan,PAK,0.63
"Hospital beds (per 1,000 people)",SH.MED.BEDS.ZS,Palau,PLW,4.8
"Hospital beds (per 1,000 people)",SH.MED.BEDS.ZS,Panama,PAN,2.25
"Hospital beds (per 1,000 people)",SH.MED.BEDS.ZS,Papua New Guinea,PNG,4.0241999626
"Hospital beds (per 1,000 people)",SH.MED.BEDS.ZS,Paraguay,PRY,0.83
"Hospital beds (per 1,000 people)",SH.MED.BEDS.ZS,Peru,PER,1.59
"Hospital beds (per 1,000 people)",SH.MED.BEDS.ZS,Philippines,PHL,0.99
"Hospital beds (per 1,000 people)",SH.MED.BEDS.ZS,Poland,POL,6.54
"Hospital beds (per 1,000 people)",SH.MED.BEDS.ZS,Portugal,PRT,3.45
"Hospital beds (per 1,000 people)",SH.MED.BEDS.ZS,Puerto Rico,PRI,3.3199999332
"Hospital beds (per 1,000 people)",SH.MED.BEDS.ZS,Qatar,QAT,1.25
"Hospital beds (per 1,000 people)",SH.MED.BEDS.ZS,Romania,ROU,6.89
"Hospital beds (per 1,000 people)",SH.MED.BEDS.ZS,Russian Federation,RUS,7.12
"Hospital beds (per 1,000 people)",SH.MED.BEDS.ZS,Rwanda,RWA,1.6
"Hospital beds (per 1,000 people)",SH.MED.BEDS.ZS,Samoa,WSM,1
"Hospital beds (per 1,000 people)",SH.MED.BEDS.ZS,San Marino,SMR,3.8
"Hospital beds (per 1,000 people)",SH.MED.BEDS.ZS,Sao Tome and Principe,STP,2.9
"Hospital beds (per 1,000 people)",SH.MED.BEDS.ZS,Saudi Arabia,SAU,2.24
"Hospital beds (per 1,000 people)",SH.MED.BEDS.ZS,Senegal,SEN,0.3
"Hospital beds (per 1,000 people)",SH.MED.BEDS.ZS,Serbia,SRB,5.61
"Hospital beds (per 1,000 people)",SH.MED.BEDS.ZS,Seychelles,SYC,3.6
"Hospital beds (per 1,000 people)",SH.MED.BEDS.ZS,Sierra Leone,SLE,0.4
"Hospital beds (per 1,000 people)",SH.MED.BEDS.ZS,Singapore,SGP,2.49
"Hospital beds (per 1,000 people)",SH.MED.BEDS.ZS,Sint Maarten (Dutch part),SXM,..
"Hospital beds (per 1,000 people)",SH.MED.BEDS.ZS,Slovak Republic,SVK,5.7
"Hospital beds (per 1,000 people)",SH.MED.BEDS.ZS,Slovenia,SVN,4.43
"Hospital beds (per 1,000 people)",SH.MED.BEDS.ZS,Solomon Islands,SLB,1.4
"Hospital beds (per 1,000 people)",SH.MED.BEDS.ZS,Somalia,SOM,0.87
"Hospital beds (per 1,000 people)",SH.MED.BEDS.ZS,South Africa,ZAF,2.3
"Hospital beds (per 1,000 people)",SH.MED.BEDS.ZS,South Sudan,SSD,..
"Hospital beds (per 1,000 people)",SH.MED.BEDS.ZS,Spain,ESP,2.97
"Hospital beds (per 1,000 people)",SH.MED.BEDS.ZS,Sri Lanka,LKA,4.15
"Hospital beds (per 1,000 people)",SH.MED.BEDS.ZS,St. Kitts and Nevis,KNA,2.3
"Hospital beds (per 1,000 people)",SH.MED.BEDS.ZS,St. Lucia,LCA,1.3
"Hospital beds (per 1,000 people)",SH.MED.BEDS.ZS,St. Martin (French part),MAF,..
"Hospital beds (per 1,000 people)",SH.MED.BEDS.ZS,St. Vincent and the Grenadines,VCT,4.32
"Hospital beds (per 1,000 people)",SH.MED.BEDS.ZS,Sudan,SDN,0.74
"Hospital beds (per 1,000 people)",SH.MED.BEDS.ZS,Suriname,SUR,3
"Hospital beds (per 1,000 people)",SH.MED.BEDS.ZS,Sweden,SWE,2.14
"Hospital beds (per 1,000 people)",SH.MED.BEDS.ZS,Switzerland,CHE,4.63
"Hospital beds (per 1,000 people)",SH.MED.BEDS.ZS,Syrian Arab Republic,SYR,1.4
"Hospital beds (per 1,000 people)",SH.MED.BEDS.ZS,Tajikistan,TJK,4.67
"Hospital beds (per 1,000 people)",SH.MED.BEDS.ZS,Tanzania,TZA,0.7
"Hospital beds (per 1,000 people)",SH.MED.BEDS.ZS,Thailand,THA,2.1
"Hospital beds (per 1,000 people)",SH.MED.BEDS.ZS,Timor-Leste,TLS,5.9
"Hospital beds (per 1,000 people)",SH.MED.BEDS.ZS,Togo,TGO,0.7
"Hospital beds (per 1,000 people)",SH.MED.BEDS.ZS,Tonga,TON,2.6
"Hospital beds (per 1,000 people)",SH.MED.BEDS.ZS,Trinidad and Tobago,TTO,3.02
"Hospital beds (per 1,000 people)",SH.MED.BEDS.ZS,Tunisia,TUN,2.18
"Hospital beds (per 1,000 people)",SH.MED.BEDS.ZS,Turkey,TUR,2.85
"Hospital beds (per 1,000 people)",SH.MED.BEDS.ZS,Turkmenistan,TKM,4.03
"Hospital beds (per 1,000 people)",SH.MED.BEDS.ZS,Turks and Caicos Islands,TCA,..
"Hospital beds (per 1,000 people)",SH.MED.BEDS.ZS,Tuvalu,TUV,5.6
"Hospital beds (per 1,000 people)",SH.MED.BEDS.ZS,Uganda,UGA,0.5
"Hospital beds (per 1,000 people)",SH.MED.BEDS.ZS,Ukraine,UKR,7.46
"Hospital beds (per 1,000 people)",SH.MED.BEDS.ZS,United Arab Emirates,ARE,1.38
"Hospital beds (per 1,000 people)",SH.MED.BEDS.ZS,United Kingdom,GBR,2.46
"Hospital beds (per 1,000 people)",SH.MED.BEDS.ZS,United States,USA,2.87
"Hospital beds (per 1,000 people)",SH.MED.BEDS.ZS,Uruguay,URY,2.43
"Hospital beds (per 1,000 people)",SH.MED.BEDS.ZS,Uzbekistan,UZB,3.98
"Hospital beds (per 1,000 people)",SH.MED.BEDS.ZS,Vanuatu,VUT,1.7
"Hospital beds (per 1,000 people)",SH.MED.BEDS.ZS,"Venezuela, RB",VEN,0.87
"Hospital beds (per 1,000 people)",SH.MED.BEDS.ZS,Vietnam,VNM,2.6
"Hospital beds (per 1,000 people)",SH.MED.BEDS.ZS,Virgin Islands (U.S.),VIR,18.6800003052
"Hospital beds (per 1,000 people)",SH.MED.BEDS.ZS,West Bank and Gaza,PSE,1.2000000477
"Hospital beds (per 1,000 people)",SH.MED.BEDS.ZS,"Yemen, Rep.",YEM,0.71
"Hospital beds (per 1,000 people)",SH.MED.BEDS.ZS,Zambia,ZMB,2
"Hospital beds (per 1,000 people)",SH.MED.BEDS.ZS,Zimbabwe,ZWE,1.7
"Hospital beds (per 1,000 people)",SH.MED.BEDS.ZS,Africa Eastern and Southern,AFE,0.911870801822378
"Hospital beds (per 1,000 people)",SH.MED.BEDS.ZS,Africa Western and Central,AFW,1.47477578209514
"Hospital beds (per 1,000 people)",SH.MED.BEDS.ZS,Arab World,ARB,1.38043402567763
"Hospital beds (per 1,000 people)",SH.MED.BEDS.ZS,Caribbean small states,CSS,2.38671740969831
"Hospital beds (per 1,000 people)",SH.MED.BEDS.ZS,Central Europe and the Baltics,CEB,6.42266707533026
"Hospital beds (per 1,000 people)",SH.MED.BEDS.ZS,Early-demographic dividend,EAR,0.923100739047524
"Hospital beds (per 1,000 people)",SH.MED.BEDS.ZS,East Asia & Pacific,EAS,4.51462543959372
"Hospital beds (per 1,000 people)",SH.MED.BEDS.ZS,East Asia & Pacific (excluding high income),EAP,3.67498668862863
"Hospital beds (per 1,000 people)",SH.MED.BEDS.ZS,East Asia & Pacific (IDA & IBRD countries),TEA,3.67498668862863
"Hospital beds (per 1,000 people)",SH.MED.BEDS.ZS,Euro area,EMU,4.27715111906376
"Hospital beds (per 1,000 people)",SH.MED.BEDS.ZS,Europe & Central Asia,ECS,4.71323741812825
"Hospital beds (per 1,000 people)",SH.MED.BEDS.ZS,Europe & Central Asia (excluding high income),ECA,6.35706687007595
"Hospital beds (per 1,000 people)",SH.MED.BEDS.ZS,Europe & Central Asia (IDA & IBRD countries),TEC,6.36667772738568
"Hospital beds (per 1,000 people)",SH.MED.BEDS.ZS,European Union,EUU,4.59396598090731
"Hospital beds (per 1,000 people)",SH.MED.BEDS.ZS,Fragile and conflict affected situations,FCS,1.48703284562183
"Hospital beds (per 1,000 people)",SH.MED.BEDS.ZS,Heavily indebted poor countries (HIPC),HPC,0.747379659390703
"Hospital beds (per 1,000 people)",SH.MED.BEDS.ZS,High income,HIC,5.25307680322554
"Hospital beds (per 1,000 people)",SH.MED.BEDS.ZS,IBRD only,IBD,2.50423922548197
"Hospital beds (per 1,000 people)",SH.MED.BEDS.ZS,IDA & IBRD total,IBT,2.33511389931393
"Hospital beds (per 1,000 people)",SH.MED.BEDS.ZS,IDA blend,IDB,1.02292620913205
"Hospital beds (per 1,000 people)",SH.MED.BEDS.ZS,IDA only,IDX,0.974968521315005
"Hospital beds (per 1,000 people)",SH.MED.BEDS.ZS,IDA total,IDA,1.39247944337633
"Hospital beds (per 1,000 people)",SH.MED.BEDS.ZS,Late-demographic dividend,LTE,4.18640807026301
"Hospital beds (per 1,000 people)",SH.MED.BEDS.ZS,Latin America & Caribbean,LCN,1.89947763961122
"Hospital beds (per 1,000 people)",SH.MED.BEDS.ZS,Latin America & Caribbean (excluding high income),LAC,1.93918747156371
"Hospital beds (per 1,000 people)",SH.MED.BEDS.ZS,Latin America & the Caribbean (IDA & IBRD countries),TLA,1.82957043036866
"Hospital beds (per 1,000 people)",SH.MED.BEDS.ZS,Least developed countries: UN classification,LDC,0.731796499417099
"Hospital beds (per 1,000 people)",SH.MED.BEDS.ZS,Low & middle income,LMY,2.31400093470535
"Hospital beds (per 1,000 people)",SH.MED.BEDS.ZS,Low income,LIC,0.702602714717175
"Hospital beds (per 1,000 people)",SH.MED.BEDS.ZS,Lower middle income,LMC,0.765913303105693
"Hospital beds (per 1,000 people)",SH.MED.BEDS.ZS,Middle East & North Africa,MEA,1.5417992495318
"Hospital beds (per 1,000 people)",SH.MED.BEDS.ZS,Middle East & North Africa (excluding high income),MNA,1.42986145758116
"Hospital beds (per 1,000 people)",SH.MED.BEDS.ZS,Middle East & North Africa (IDA & IBRD countries),TMN,1.42986145758116
"Hospital beds (per 1,000 people)",SH.MED.BEDS.ZS,Middle income,MIC,2.37251177728873
"Hospital beds (per 1,000 people)",SH.MED.BEDS.ZS,North America,NAC,2.83564412631657
"Hospital beds (per 1,000 people)",SH.MED.BEDS.ZS,Not classified,INX,..
"Hospital beds (per 1,000 people)",SH.MED.BEDS.ZS,OECD members,OED,5.04109893814643
"Hospital beds (per 1,000 people)",SH.MED.BEDS.ZS,Other small states,OSS,..
"Hospital beds (per 1,000 people)",SH.MED.BEDS.ZS,Pacific island small states,PSS,1.93814943684474
"Hospital beds (per 1,000 people)",SH.MED.BEDS.ZS,Post-demographic dividend,PST,5.5001876498446
"Hospital beds (per 1,000 people)",SH.MED.BEDS.ZS,Pre-demographic dividend,PRE,1.32934186118059
"Hospital beds (per 1,000 people)",SH.MED.BEDS.ZS,Small states,SST,4.57512741101214
"Hospital beds (per 1,000 people)",SH.MED.BEDS.ZS,South Asia,SAS,0.58817808486333
"Hospital beds (per 1,000 people)",SH.MED.BEDS.ZS,South Asia (IDA & IBRD),TSA,0.58817808486333
"Hospital beds (per 1,000 people)",SH.MED.BEDS.ZS,Sub-Saharan Africa,SSF,1.21257549204332
"Hospital beds (per 1,000 people)",SH.MED.BEDS.ZS,Sub-Saharan Africa (excluding high income),SSA,1.21257549204332
"Hospital beds (per 1,000 people)",SH.MED.BEDS.ZS,Sub-Saharan Africa (IDA & IBRD countries),TSS,1.21257549204332
"Hospital beds (per 1,000 people)",SH.MED.BEDS.ZS,Upper middle income,UMC,3.91044495032184
"Hospital beds (per 1,000 people)",SH.MED.BEDS.ZS,World,WLD,2.8918091583834
"Educational attainment, at least Bachelor's or equivalent, population 25+, total (%) (cumulative)",SE.TER.CUAT.BA.ZS,Afghanistan,AFG,..
"Educational attainment, at least Bachelor's or equivalent, population 25+, total (%) (cumulative)",SE.TER.CUAT.BA.ZS,Albania,ALB,12.8996601104736
"Educational attainment, at least Bachelor's or equivalent, population 25+, total (%) (cumulative)",SE.TER.CUAT.BA.ZS,Algeria,DZA,..
"Educational attainment, at least Bachelor's or equivalent, population 25+, total (%) (cumulative)",SE.TER.CUAT.BA.ZS,American Samoa,ASM,..
"Educational attainment, at least Bachelor's or equivalent, population 25+, total (%) (cumulative)",SE.TER.CUAT.BA.ZS,Andorra,AND,..
"Educational attainment, at least Bachelor's or equivalent, population 25+, total (%) (cumulative)",SE.TER.CUAT.BA.ZS,Angola,AGO,2.63389992713928
"Educational attainment, at least Bachelor's or equivalent, population 25+, total (%) (cumulative)",SE.TER.CUAT.BA.ZS,Antigua and Barbuda,ATG,..
"Educational attainment, at least Bachelor's or equivalent, population 25+, total (%) (cumulative)",SE.TER.CUAT.BA.ZS,Argentina,ARG,..
"Educational attainment, at least Bachelor's or equivalent, population 25+, total (%) (cumulative)",SE.TER.CUAT.BA.ZS,Armenia,ARM,24.3800601959229
"Educational attainment, at least Bachelor's or equivalent, population 25+, total (%) (cumulative)",SE.TER.CUAT.BA.ZS,Aruba,ABW,12.8586597442627
"Educational attainment, at least Bachelor's or equivalent, population 25+, total (%) (cumulative)",SE.TER.CUAT.BA.ZS,Australia,AUS,31.7493305206299
"Educational attainment, at least Bachelor's or equivalent, population 25+, total (%) (cumulative)",SE.TER.CUAT.BA.ZS,Austria,AUT,14.2486295700073
"Educational attainment, at least Bachelor's or equivalent, population 25+, total (%) (cumulative)",SE.TER.CUAT.BA.ZS,Azerbaijan,AZE,15.71702003479
"Educational attainment, at least Bachelor's or equivalent, population 25+, total (%) (cumulative)",SE.TER.CUAT.BA.ZS,"Bahamas, The",BHS,15.227879524231
"Educational attainment, at least Bachelor's or equivalent, population 25+, total (%) (cumulative)",SE.TER.CUAT.BA.ZS,Bahrain,BHR,21.6051292419434
"Educational attainment, at least Bachelor's or equivalent, population 25+, total (%) (cumulative)",SE.TER.CUAT.BA.ZS,Bangladesh,BGD,9.76054954528809
"Educational attainment, at least Bachelor's or equivalent, population 25+, total (%) (cumulative)",SE.TER.CUAT.BA.ZS,Barbados,BRB,..
"Educational attainment, at least Bachelor's or equivalent, population 25+, total (%) (cumulative)",SE.TER.CUAT.BA.ZS,Belarus,BLR,..
"Educational attainment, at least Bachelor's or equivalent, population 25+, total (%) (cumulative)",SE.TER.CUAT.BA.ZS,Belgium,BEL,34.68994140625
"Educational attainment, at least Bachelor's or equivalent, population 25+, total (%) (cumulative)",SE.TER.CUAT.BA.ZS,Belize,BLZ,..
"Educational attainment, at least Bachelor's or equivalent, population 25+, total (%) (cumulative)",SE.TER.CUAT.BA.ZS,Benin,BEN,..
"Educational attainment, at least Bachelor's or equivalent, population 25+, total (%) (cumulative)",SE.TER.CUAT.BA.ZS,Bermuda,BMU,31.1083793640137
"Educational attainment, at least Bachelor's or equivalent, population 25+, total (%) (cumulative)",SE.TER.CUAT.BA.ZS,Bhutan,BTN,10.1993703842163
"Educational attainment, at least Bachelor's or equivalent, population 25+, total (%) (cumulative)",SE.TER.CUAT.BA.ZS,Bolivia,BOL,19.6311798095703
"Educational attainment, at least Bachelor's or equivalent, population 25+, total (%) (cumulative)",SE.TER.CUAT.BA.ZS,Bosnia and Herzegovina,BIH,7.74765014648438
"Educational attainment, at least Bachelor's or equivalent, population 25+, total (%) (cumulative)",SE.TER.CUAT.BA.ZS,Botswana,BWA,..
"Educational attainment, at least Bachelor's or equivalent, population 25+, total (%) (cumulative)",SE.TER.CUAT.BA.ZS,Brazil,BRA,16.5433902740479
"Educational attainment, at least Bachelor's or equivalent, population 25+, total (%) (cumulative)",SE.TER.CUAT.BA.ZS,British Virgin Islands,VGB,..
"Educational attainment, at least Bachelor's or equivalent, population 25+, total (%) (cumulative)",SE.TER.CUAT.BA.ZS,Brunei Darussalam,BRN,11.1140298843384
"Educational attainment, at least Bachelor's or equivalent, population 25+, total (%) (cumulative)",SE.TER.CUAT.BA.ZS,Bulgaria,BGR,24.7128791809082
"Educational attainment, at least Bachelor's or equivalent, population 25+, total (%) (cumulative)",SE.TER.CUAT.BA.ZS,Burkina Faso,BFA,0
"Educational attainment, at least Bachelor's or equivalent, population 25+, total (%) (cumulative)",SE.TER.CUAT.BA.ZS,Burundi,BDI,0.908619999885559
"Educational attainment, at least Bachelor's or equivalent, population 25+, total (%) (cumulative)",SE.TER.CUAT.BA.ZS,Cabo Verde,CPV,6.92615985870361
"Educational attainment, at least Bachelor's or equivalent, population 25+, total (%) (cumulative)",SE.TER.CUAT.BA.ZS,Cambodia,KHM,..
"Educational attainment, at least Bachelor's or equivalent, population 25+, total (%) (cumulative)",SE.TER.CUAT.BA.ZS,Cameroon,CMR,..
"Educational attainment, at least Bachelor's or equivalent, population 25+, total (%) (cumulative)",SE.TER.CUAT.BA.ZS,Canada,CAN,25.7544403076172
"Educational attainment, at least Bachelor's or equivalent, population 25+, total (%) (cumulative)",SE.TER.CUAT.BA.ZS,Cayman Islands,CYM,29.8638706207275
"Educational attainment, at least Bachelor's or equivalent, population 25+, total (%) (cumulative)",SE.TER.CUAT.BA.ZS,Central African Republic,CAF,..
"Educational attainment, at least Bachelor's or equivalent, population 25+, total (%) (cumulative)",SE.TER.CUAT.BA.ZS,Chad,TCD,0.864160001277924
"Educational attainment, at least Bachelor's or equivalent, population 25+, total (%) (cumulative)",SE.TER.CUAT.BA.ZS,Channel Islands,CHI,..
"Educational attainment, at least Bachelor's or equivalent, population 25+, total (%) (cumulative)",SE.TER.CUAT.BA.ZS,Chile,CHL,14.6437301635742
"Educational attainment, at least Bachelor's or equivalent, population 25+, total (%) (cumulative)",SE.TER.CUAT.BA.ZS,China,CHN,3.57765007019043
"Educational attainment, at least Bachelor's or equivalent, population 25+, total (%) (cumulative)",SE.TER.CUAT.BA.ZS,Colombia,COL,11.7552995681763
"Educational attainment, at least Bachelor's or equivalent, population 25+, total (%) (cumulative)",SE.TER.CUAT.BA.ZS,Comoros,COM,..
"Educational attainment, at least Bachelor's or equivalent, population 25+, total (%) (cumulative)",SE.TER.CUAT.BA.ZS,"Congo, Dem. Rep.",COD,3.47718000411987
"Educational attainment, at least Bachelor's or equivalent, population 25+, total (%) (cumulative)",SE.TER.CUAT.BA.ZS,"Congo, Rep.",COG,..
"Educational attainment, at least Bachelor's or equivalent, population 25+, total (%) (cumulative)",SE.TER.CUAT.BA.ZS,Costa Rica,CRI,21.3097190856934
"Educational attainment, at least Bachelor's or equivalent, population 25+, total (%) (cumulative)",SE.TER.CUAT.BA.ZS,Cote d'Ivoire,CIV,2.80296993255615
"Educational attainment, at least Bachelor's or equivalent, population 25+, total (%) (cumulative)",SE.TER.CUAT.BA.ZS,Croatia,HRV,..
"Educational attainment, at least Bachelor's or equivalent, population 25+, total (%) (cumulative)",SE.TER.CUAT.BA.ZS,Cuba,CUB,14.1817998886108
"Educational attainment, at least Bachelor's or equivalent, population 25+, total (%) (cumulative)",SE.TER.CUAT.BA.ZS,Curacao,CUW,..
"Educational attainment, at least Bachelor's or equivalent, population 25+, total (%) (cumulative)",SE.TER.CUAT.BA.ZS,Cyprus,CYP,28.5615997314453
"Educational attainment, at least Bachelor's or equivalent, population 25+, total (%) (cumulative)",SE.TER.CUAT.BA.ZS,Czech Republic,CZE,20.9131698608398
"Educational attainment, at least Bachelor's or equivalent, population 25+, total (%) (cumulative)",SE.TER.CUAT.BA.ZS,Denmark,DNK,32.3588409423828
"Educational attainment, at least Bachelor's or equivalent, population 25+, total (%) (cumulative)",SE.TER.CUAT.BA.ZS,Djibouti,DJI,..
"Educational attainment, at least Bachelor's or equivalent, population 25+, total (%) (cumulative)",SE.TER.CUAT.BA.ZS,Dominica,DMA,..
"Educational attainment, at least Bachelor's or equivalent, population 25+, total (%) (cumulative)",SE.TER.CUAT.BA.ZS,Dominican Republic,DOM,18.123119354248
"Educational attainment, at least Bachelor's or equivalent, population 25+, total (%) (cumulative)",SE.TER.CUAT.BA.ZS,Ecuador,ECU,12.1632699966431
"Educational attainment, at least Bachelor's or equivalent, population 25+, total (%) (cumulative)",SE.TER.CUAT.BA.ZS,"Egypt, Arab Rep.",EGY,..
"Educational attainment, at least Bachelor's or equivalent, population 25+, total (%) (cumulative)",SE.TER.CUAT.BA.ZS,El Salvador,SLV,6.67210006713867
"Educational attainment, at least Bachelor's or equivalent, population 25+, total (%) (cumulative)",SE.TER.CUAT.BA.ZS,Equatorial Guinea,GNQ,..
"Educational attainment, at least Bachelor's or equivalent, population 25+, total (%) (cumulative)",SE.TER.CUAT.BA.ZS,Eritrea,ERI,..
"Educational attainment, at least Bachelor's or equivalent, population 25+, total (%) (cumulative)",SE.TER.CUAT.BA.ZS,Estonia,EST,..
"Educational attainment, at least Bachelor's or equivalent, population 25+, total (%) (cumulative)",SE.TER.CUAT.BA.ZS,Eswatini,SWZ,..
"Educational attainment, at least Bachelor's or equivalent, population 25+, total (%) (cumulative)",SE.TER.CUAT.BA.ZS,Ethiopia,ETH,..
"Educational attainment, at least Bachelor's or equivalent, population 25+, total (%) (cumulative)",SE.TER.CUAT.BA.ZS,Faroe Islands,FRO,..
"Educational attainment, at least Bachelor's or equivalent, population 25+, total (%) (cumulative)",SE.TER.CUAT.BA.ZS,Fiji,FJI,5.16891002655029
"Educational attainment, at least Bachelor's or equivalent, population 25+, total (%) (cumulative)",SE.TER.CUAT.BA.ZS,Finland,FIN,24.3361492156982
"Educational attainment, at least Bachelor's or equivalent, population 25+, total (%) (cumulative)",SE.TER.CUAT.BA.ZS,France,FRA,18.0016708374023
"Educational attainment, at least Bachelor's or equivalent, population 25+, total (%) (cumulative)",SE.TER.CUAT.BA.ZS,French Polynesia,PYF,..
"Educational attainment, at least Bachelor's or equivalent, population 25+, total (%) (cumulative)",SE.TER.CUAT.BA.ZS,Gabon,GAB,..
"Educational attainment, at least Bachelor's or equivalent, population 25+, total (%) (cumulative)",SE.TER.CUAT.BA.ZS,"Gambia, The",GMB,2.04780006408691
"Educational attainment, at least Bachelor's or equivalent, population 25+, total (%) (cumulative)",SE.TER.CUAT.BA.ZS,Georgia,GEO,34.0182189941406
"Educational attainment, at least Bachelor's or equivalent, population 25+, total (%) (cumulative)",SE.TER.CUAT.BA.ZS,Germany,DEU,25.1498794555664
"Educational attainment, at least Bachelor's or equivalent, population 25+, total (%) (cumulative)",SE.TER.CUAT.BA.ZS,Ghana,GHA,..
"Educational attainment, at least Bachelor's or equivalent, population 25+, total (%) (cumulative)",SE.TER.CUAT.BA.ZS,Gibraltar,GIB,..
"Educational attainment, at least Bachelor's or equivalent, population 25+, total (%) (cumulative)",SE.TER.CUAT.BA.ZS,Greece,GRC,20.1387195587158
"Educational attainment, at least Bachelor's or equivalent, population 25+, total (%) (cumulative)",SE.TER.CUAT.BA.ZS,Greenland,GRL,10.8007402420044
"Educational attainment, at least Bachelor's or equivalent, population 25+, total (%) (cumulative)",SE.TER.CUAT.BA.ZS,Grenada,GRD,..
"Educational attainment, at least Bachelor's or equivalent, population 25+, total (%) (cumulative)",SE.TER.CUAT.BA.ZS,Guam,GUM,..
"Educational attainment, at least Bachelor's or equivalent, population 25+, total (%) (cumulative)",SE.TER.CUAT.BA.ZS,Guatemala,GTM,6.89062023162842
"Educational attainment, at least Bachelor's or equivalent, population 25+, total (%) (cumulative)",SE.TER.CUAT.BA.ZS,Guinea,GIN,4.42657995223999
"Educational attainment, at least Bachelor's or equivalent, population 25+, total (%) (cumulative)",SE.TER.CUAT.BA.ZS,Guinea-Bissau,GNB,..
"Educational attainment, at least Bachelor's or equivalent, population 25+, total (%) (cumulative)",SE.TER.CUAT.BA.ZS,Guyana,GUY,..
"Educational attainment, at least Bachelor's or equivalent, population 25+, total (%) (cumulative)",SE.TER.CUAT.BA.ZS,Haiti,HTI,..
"Educational attainment, at least Bachelor's or equivalent, population 25+, total (%) (cumulative)",SE.TER.CUAT.BA.ZS,Honduras,HND,9.58257007598877
"Educational attainment, at least Bachelor's or equivalent, population 25+, total (%) (cumulative)",SE.TER.CUAT.BA.ZS,"Hong Kong SAR, China",HKG,..
"Educational attainment, at least Bachelor's or equivalent, population 25+, total (%) (cumulative)",SE.TER.CUAT.BA.ZS,Hungary,HUN,20.4075393676758
"Educational attainment, at least Bachelor's or equivalent, population 25+, total (%) (cumulative)",SE.TER.CUAT.BA.ZS,Iceland,ISL,..
"Educational attainment, at least Bachelor's or equivalent, population 25+, total (%) (cumulative)",SE.TER.CUAT.BA.ZS,India,IND,9.13628959655762
"Educational attainment, at least Bachelor's or equivalent, population 25+, total (%) (cumulative)",SE.TER.CUAT.BA.ZS,Indonesia,IDN,9.37423038482666
"Educational attainment, at least Bachelor's or equivalent, population 25+, total (%) (cumulative)",SE.TER.CUAT.BA.ZS,"Iran, Islamic Rep.",IRN,18.1766109466553
"Educational attainment, at least Bachelor's or equivalent, population 25+, total (%) (cumulative)",SE.TER.CUAT.BA.ZS,Iraq,IRQ,..
"Educational attainment, at least Bachelor's or equivalent, population 25+, total (%) (cumulative)",SE.TER.CUAT.BA.ZS,Ireland,IRL,31.1619205474854
"Educational attainment, at least Bachelor's or equivalent, population 25+, total (%) (cumulative)",SE.TER.CUAT.BA.ZS,Isle of Man,IMN,..
"Educational attainment, at least Bachelor's or equivalent, population 25+, total (%) (cumulative)",SE.TER.CUAT.BA.ZS,Israel,ISR,33.2059211730957
"Educational attainment, at least Bachelor's or equivalent, population 25+, total (%) (cumulative)",SE.TER.CUAT.BA.ZS,Italy,ITA,..
"Educational attainment, at least Bachelor's or equivalent, population 25+, total (%) (cumulative)",SE.TER.CUAT.BA.ZS,Jamaica,JAM,6.81113004684448
"Educational attainment, at least Bachelor's or equivalent, population 25+, total (%) (cumulative)",SE.TER.CUAT.BA.ZS,Japan,JPN,19.9131393432617
"Educational attainment, at least Bachelor's or equivalent, population 25+, total (%) (cumulative)",SE.TER.CUAT.BA.ZS,Jordan,JOR,..
"Educational attainment, at least Bachelor's or equivalent, population 25+, total (%) (cumulative)",SE.TER.CUAT.BA.ZS,Kazakhstan,KAZ,34.0811004638672
"Educational attainment, at least Bachelor's or equivalent, population 25+, total (%) (cumulative)",SE.TER.CUAT.BA.ZS,Kenya,KEN,..
"Educational attainment, at least Bachelor's or equivalent, population 25+, total (%) (cumulative)",SE.TER.CUAT.BA.ZS,Kiribati,KIR,..
"Educational attainment, at least Bachelor's or equivalent, population 25+, total (%) (cumulative)",SE.TER.CUAT.BA.ZS,"Korea, Dem. People's Rep.",PRK,..
"Educational attainment, at least Bachelor's or equivalent, population 25+, total (%) (cumulative)",SE.TER.CUAT.BA.ZS,"Korea, Rep.",KOR,28.6821708679199
"Educational attainment, at least Bachelor's or equivalent, population 25+, total (%) (cumulative)",SE.TER.CUAT.BA.ZS,Kosovo,XKX,..
"Educational attainment, at least Bachelor's or equivalent, population 25+, total (%) (cumulative)",SE.TER.CUAT.BA.ZS,Kuwait,KWT,11.1163301467896
"Educational attainment, at least Bachelor's or equivalent, population 25+, total (%) (cumulative)",SE.TER.CUAT.BA.ZS,Kyrgyz Republic,KGZ,16.2025909423828
"Educational attainment, at least Bachelor's or equivalent, population 25+, total (%) (cumulative)",SE.TER.CUAT.BA.ZS,Lao PDR,LAO,..
"Educational attainment, at least Bachelor's or equivalent, population 25+, total (%) (cumulative)",SE.TER.CUAT.BA.ZS,Latvia,LVA,30.0282802581787
"Educational attainment, at least Bachelor's or equivalent, population 25+, total (%) (cumulative)",SE.TER.CUAT.BA.ZS,Lebanon,LBN,..
"Educational attainment, at least Bachelor's or equivalent, population 25+, total (%) (cumulative)",SE.TER.CUAT.BA.ZS,Lesotho,LSO,..
"Educational attainment, at least Bachelor's or equivalent, population 25+, total (%) (cumulative)",SE.TER.CUAT.BA.ZS,Liberia,LBR,..
"Educational attainment, at least Bachelor's or equivalent, population 25+, total (%) (cumulative)",SE.TER.CUAT.BA.ZS,Libya,LBY,..
"Educational attainment, at least Bachelor's or equivalent, population 25+, total (%) (cumulative)",SE.TER.CUAT.BA.ZS,Liechtenstein,LIE,..
"Educational attainment, at least Bachelor's or equivalent, population 25+, total (%) (cumulative)",SE.TER.CUAT.BA.ZS,Lithuania,LTU,34.5394706726074
"Educational attainment, at least Bachelor's or equivalent, population 25+, total (%) (cumulative)",SE.TER.CUAT.BA.ZS,Luxembourg,LUX,..
"Educational attainment, at least Bachelor's or equivalent, population 25+, total (%) (cumulative)",SE.TER.CUAT.BA.ZS,"Macao SAR, China",MAC,..
"Educational attainment, at least Bachelor's or equivalent, population 25+, total (%) (cumulative)",SE.TER.CUAT.BA.ZS,Madagascar,MDG,..
"Educational attainment, at least Bachelor's or equivalent, population 25+, total (%) (cumulative)",SE.TER.CUAT.BA.ZS,Malawi,MWI,..
"Educational attainment, at least Bachelor's or equivalent, population 25+, total (%) (cumulative)",SE.TER.CUAT.BA.ZS,Malaysia,MYS,11.3065395355225
"Educational attainment, at least Bachelor's or equivalent, population 25+, total (%) (cumulative)",SE.TER.CUAT.BA.ZS,Maldives,MDV,..
"Educational attainment, at least Bachelor's or equivalent, population 25+, total (%) (cumulative)",SE.TER.CUAT.BA.ZS,Mali,MLI,2.24835991859436
"Educational attainment, at least Bachelor's or equivalent, population 25+, total (%) (cumulative)",SE.TER.CUAT.BA.ZS,Malta,MLT,18.4249897003174
"Educational attainment, at least Bachelor's or equivalent, population 25+, total (%) (cumulative)",SE.TER.CUAT.BA.ZS,Marshall Islands,MHL,3.66324996948242
"Educational attainment, at least Bachelor's or equivalent, population 25+, total (%) (cumulative)",SE.TER.CUAT.BA.ZS,Mauritania,MRT,..
"Educational attainment, at least Bachelor's or equivalent, population 25+, total (%) (cumulative)",SE.TER.CUAT.BA.ZS,Mauritius,MUS,..
"Educational attainment, at least Bachelor's or equivalent, population 25+, total (%) (cumulative)",SE.TER.CUAT.BA.ZS,Mexico,MEX,16.0160598754883
"Educational attainment, at least Bachelor's or equivalent, population 25+, total (%) (cumulative)",SE.TER.CUAT.BA.ZS,"Micronesia, Fed. Sts.",FSM,..
"Educational attainment, at least Bachelor's or equivalent, population 25+, total (%) (cumulative)",SE.TER.CUAT.BA.ZS,Moldova,MDA,20.1230392456055
"Educational attainment, at least Bachelor's or equivalent, population 25+, total (%) (cumulative)",SE.TER.CUAT.BA.ZS,Monaco,MCO,..
"Educational attainment, at least Bachelor's or equivalent, population 25+, total (%) (cumulative)",SE.TER.CUAT.BA.ZS,Mongolia,MNG,23.7133197784424
"Educational attainment, at least Bachelor's or equivalent, population 25+, total (%) (cumulative)",SE.TER.CUAT.BA.ZS,Montenegro,MNE,..
"Educational attainment, at least Bachelor's or equivalent, population 25+, total (%) (cumulative)",SE.TER.CUAT.BA.ZS,Morocco,MAR,..
"Educational attainment, at least Bachelor's or equivalent, population 25+, total (%) (cumulative)",SE.TER.CUAT.BA.ZS,Mozambique,MOZ,1.82752001285553
"Educational attainment, at least Bachelor's or equivalent, population 25+, total (%) (cumulative)",SE.TER.CUAT.BA.ZS,Myanmar,MMR,..
"Educational attainment, at least Bachelor's or equivalent, population 25+, total (%) (cumulative)",SE.TER.CUAT.BA.ZS,Namibia,NAM,..
"Educational attainment, at least Bachelor's or equivalent, population 25+, total (%) (cumulative)",SE.TER.CUAT.BA.ZS,Nauru,NRU,..
"Educational attainment, at least Bachelor's or equivalent, population 25+, total (%) (cumulative)",SE.TER.CUAT.BA.ZS,Nepal,NPL,4.62103986740112
"Educational attainment, at least Bachelor's or equivalent, population 25+, total (%) (cumulative)",SE.TER.CUAT.BA.ZS,Netherlands,NLD,31.0932102203369
"Educational attainment, at least Bachelor's or equivalent, population 25+, total (%) (cumulative)",SE.TER.CUAT.BA.ZS,New Caledonia,NCL,..
"Educational attainment, at least Bachelor's or equivalent, population 25+, total (%) (cumulative)",SE.TER.CUAT.BA.ZS,New Zealand,NZL,28.0957508087158
"Educational attainment, at least Bachelor's or equivalent, population 25+, total (%) (cumulative)",SE.TER.CUAT.BA.ZS,Nicaragua,NIC,..
"Educational attainment, at least Bachelor's or equivalent, population 25+, total (%) (cumulative)",SE.TER.CUAT.BA.ZS,Niger,NER,1.02336001396179
"Educational attainment, at least Bachelor's or equivalent, population 25+, total (%) (cumulative)",SE.TER.CUAT.BA.ZS,Nigeria,NGA,9.03849029541016
"Educational attainment, at least Bachelor's or equivalent, population 25+, total (%) (cumulative)",SE.TER.CUAT.BA.ZS,North Macedonia,MKD,..
"Educational attainment, at least Bachelor's or equivalent, population 25+, total (%) (cumulative)",SE.TER.CUAT.BA.ZS,Northern Mariana Islands,MNP,..
"Educational attainment, at least Bachelor's or equivalent, population 25+, total (%) (cumulative)",SE.TER.CUAT.BA.ZS,Norway,NOR,28.0698204040527
"Educational attainment, at least Bachelor's or equivalent, population 25+, total (%) (cumulative)",SE.TER.CUAT.BA.ZS,Oman,OMN,12.4584302902222
"Educational attainment, at least Bachelor's or equivalent, population 25+, total (%) (cumulative)",SE.TER.CUAT.BA.ZS,Pakistan,PAK,7.36818981170654
"Educational attainment, at least Bachelor's or equivalent, population 25+, total (%) (cumulative)",SE.TER.CUAT.BA.ZS,Palau,PLW,..
"Educational attainment, at least Bachelor's or equivalent, population 25+, total (%) (cumulative)",SE.TER.CUAT.BA.ZS,Panama,PAN,16.0915794372559
"Educational attainment, at least Bachelor's or equivalent, population 25+, total (%) (cumulative)",SE.TER.CUAT.BA.ZS,Papua New Guinea,PNG,..
"Educational attainment, at least Bachelor's or equivalent, population 25+, total (%) (cumulative)",SE.TER.CUAT.BA.ZS,Paraguay,PRY,13.0230398178101
"Educational attainment, at least Bachelor's or equivalent, population 25+, total (%) (cumulative)",SE.TER.CUAT.BA.ZS,Peru,PER,..
"Educational attainment, at least Bachelor's or equivalent, population 25+, total (%) (cumulative)",SE.TER.CUAT.BA.ZS,Philippines,PHL,16.0239295959473
"Educational attainment, at least Bachelor's or equivalent, population 25+, total (%) (cumulative)",SE.TER.CUAT.BA.ZS,Poland,POL,24.9462203979492
"Educational attainment, at least Bachelor's or equivalent, population 25+, total (%) (cumulative)",SE.TER.CUAT.BA.ZS,Portugal,PRT,18.6540298461914
"Educational attainment, at least Bachelor's or equivalent, population 25+, total (%) (cumulative)",SE.TER.CUAT.BA.ZS,Puerto Rico,PRI,7.58662986755371
"Educational attainment, at least Bachelor's or equivalent, population 25+, total (%) (cumulative)",SE.TER.CUAT.BA.ZS,Qatar,QAT,19.0258007049561
"Educational attainment, at least Bachelor's or equivalent, population 25+, total (%) (cumulative)",SE.TER.CUAT.BA.ZS,Romania,ROU,13.0140800476074
"Educational attainment, at least Bachelor's or equivalent, population 25+, total (%) (cumulative)",SE.TER.CUAT.BA.ZS,Russian Federation,RUS,59.2608795166016
"Educational attainment, at least Bachelor's or equivalent, population 25+, total (%) (cumulative)",SE.TER.CUAT.BA.ZS,Rwanda,RWA,4.13283014297485
"Educational attainment, at least Bachelor's or equivalent, population 25+, total (%) (cumulative)",SE.TER.CUAT.BA.ZS,Samoa,WSM,..
"Educational attainment, at least Bachelor's or equivalent, population 25+, total (%) (cumulative)",SE.TER.CUAT.BA.ZS,San Marino,SMR,15.7600202560425
"Educational attainment, at least Bachelor's or equivalent, population 25+, total (%) (cumulative)",SE.TER.CUAT.BA.ZS,Sao Tome and Principe,STP,3.2590799331665
"Educational attainment, at least Bachelor's or equivalent, population 25+, total (%) (cumulative)",SE.TER.CUAT.BA.ZS,Saudi Arabia,SAU,25.9752197265625
"Educational attainment, at least Bachelor's or equivalent, population 25+, total (%) (cumulative)",SE.TER.CUAT.BA.ZS,Senegal,SEN,2.76170992851257
"Educational attainment, at least Bachelor's or equivalent, population 25+, total (%) (cumulative)",SE.TER.CUAT.BA.ZS,Serbia,SRB,14.8972396850586
"Educational attainment, at least Bachelor's or equivalent, population 25+, total (%) (cumulative)",SE.TER.CUAT.BA.ZS,Seychelles,SYC,..
"Educational attainment, at least Bachelor's or equivalent, population 25+, total (%) (cumulative)",SE.TER.CUAT.BA.ZS,Sierra Leone,SLE,..
"Educational attainment, at least Bachelor's or equivalent, population 25+, total (%) (cumulative)",SE.TER.CUAT.BA.ZS,Singapore,SGP,31.5955905914307
"Educational attainment, at least Bachelor's or equivalent, population 25+, total (%) (cumulative)",SE.TER.CUAT.BA.ZS,Sint Maarten (Dutch part),SXM,..
"Educational attainment, at least Bachelor's or equivalent, population 25+, total (%) (cumulative)",SE.TER.CUAT.BA.ZS,Slovak Republic,SVK,20.6823902130127
"Educational attainment, at least Bachelor's or equivalent, population 25+, total (%) (cumulative)",SE.TER.CUAT.BA.ZS,Slovenia,SVN,20.681209564209
"Educational attainment, at least Bachelor's or equivalent, population 25+, total (%) (cumulative)",SE.TER.CUAT.BA.ZS,Solomon Islands,SLB,..
"Educational attainment, at least Bachelor's or equivalent, population 25+, total (%) (cumulative)",SE.TER.CUAT.BA.ZS,Somalia,SOM,..
"Educational attainment, at least Bachelor's or equivalent, population 25+, total (%) (cumulative)",SE.TER.CUAT.BA.ZS,South Africa,ZAF,8.24518966674805
"Educational attainment, at least Bachelor's or equivalent, population 25+, total (%) (cumulative)",SE.TER.CUAT.BA.ZS,South Sudan,SSD,3.77482008934021
"Educational attainment, at least Bachelor's or equivalent, population 25+, total (%) (cumulative)",SE.TER.CUAT.BA.ZS,Spain,ESP,21.9363403320313
"Educational attainment, at least Bachelor's or equivalent, population 25+, total (%) (cumulative)",SE.TER.CUAT.BA.ZS,Sri Lanka,LKA,4.38589000701904
"Educational attainment, at least Bachelor's or equivalent, population 25+, total (%) (cumulative)",SE.TER.CUAT.BA.ZS,St. Kitts and Nevis,KNA,..
"Educational attainment, at least Bachelor's or equivalent, population 25+, total (%) (cumulative)",SE.TER.CUAT.BA.ZS,St. Lucia,LCA,..
"Educational attainment, at least Bachelor's or equivalent, population 25+, total (%) (cumulative)",SE.TER.CUAT.BA.ZS,St. Martin (French part),MAF,..
"Educational attainment, at least Bachelor's or equivalent, population 25+, total (%) (cumulative)",SE.TER.CUAT.BA.ZS,St. Vincent and the Grenadines,VCT,..
"Educational attainment, at least Bachelor's or equivalent, population 25+, total (%) (cumulative)",SE.TER.CUAT.BA.ZS,Sudan,SDN,..
"Educational attainment, at least Bachelor's or equivalent, population 25+, total (%) (cumulative)",SE.TER.CUAT.BA.ZS,Suriname,SUR,9.18142986297607
"Educational attainment, at least Bachelor's or equivalent, population 25+, total (%) (cumulative)",SE.TER.CUAT.BA.ZS,Sweden,SWE,23.9369201660156
"Educational attainment, at least Bachelor's or equivalent, population 25+, total (%) (cumulative)",SE.TER.CUAT.BA.ZS,Switzerland,CHE,36.949291229248
"Educational attainment, at least Bachelor's or equivalent, population 25+, total (%) (cumulative)",SE.TER.CUAT.BA.ZS,Syrian Arab Republic,SYR,..
"Educational attainment, at least Bachelor's or equivalent, population 25+, total (%) (cumulative)",SE.TER.CUAT.BA.ZS,Tajikistan,TJK,11.868049621582
"Educational attainment, at least Bachelor's or equivalent, population 25+, total (%) (cumulative)",SE.TER.CUAT.BA.ZS,Tanzania,TZA,..
"Educational attainment, at least Bachelor's or equivalent, population 25+, total (%) (cumulative)",SE.TER.CUAT.BA.ZS,Thailand,THA,14.9390001296997
"Educational attainment, at least Bachelor's or equivalent, population 25+, total (%) (cumulative)",SE.TER.CUAT.BA.ZS,Timor-Leste,TLS,..
"Educational attainment, at least Bachelor's or equivalent, population 25+, total (%) (cumulative)",SE.TER.CUAT.BA.ZS,Togo,TGO,..
"Educational attainment, at least Bachelor's or equivalent, population 25+, total (%) (cumulative)",SE.TER.CUAT.BA.ZS,Tonga,TON,..
"Educational attainment, at least Bachelor's or equivalent, population 25+, total (%) (cumulative)",SE.TER.CUAT.BA.ZS,Trinidad and Tobago,TTO,5.79491996765137
"Educational attainment, at least Bachelor's or equivalent, population 25+, total (%) (cumulative)",SE.TER.CUAT.BA.ZS,Tunisia,TUN,..
"Educational attainment, at least Bachelor's or equivalent, population 25+, total (%) (cumulative)",SE.TER.CUAT.BA.ZS,Turkey,TUR,..
"Educational attainment, at least Bachelor's or equivalent, population 25+, total (%) (cumulative)",SE.TER.CUAT.BA.ZS,Turkmenistan,TKM,..
"Educational attainment, at least Bachelor's or equivalent, population 25+, total (%) (cumulative)",SE.TER.CUAT.BA.ZS,Turks and Caicos Islands,TCA,..
"Educational attainment, at least Bachelor's or equivalent, population 25+, total (%) (cumulative)",SE.TER.CUAT.BA.ZS,Tuvalu,TUV,..
"Educational attainment, at least Bachelor's or equivalent, population 25+, total (%) (cumulative)",SE.TER.CUAT.BA.ZS,Uganda,UGA,1.69885003566742
"Educational attainment, at least Bachelor's or equivalent, population 25+, total (%) (cumulative)",SE.TER.CUAT.BA.ZS,Ukraine,UKR,..
"Educational attainment, at least Bachelor's or equivalent, population 25+, total (%) (cumulative)",SE.TER.CUAT.BA.ZS,United Arab Emirates,ARE,47.2930297851563
"Educational attainment, at least Bachelor's or equivalent, population 25+, total (%) (cumulative)",SE.TER.CUAT.BA.ZS,United Kingdom,GBR,33.9221305847168
"Educational attainment, at least Bachelor's or equivalent, population 25+, total (%) (cumulative)",SE.TER.CUAT.BA.ZS,United States,USA,34.9924697875977
"Educational attainment, at least Bachelor's or equivalent, population 25+, total (%) (cumulative)",SE.TER.CUAT.BA.ZS,Uruguay,URY,11.4731798171997
"Educational attainment, at least Bachelor's or equivalent, population 25+, total (%) (cumulative)",SE.TER.CUAT.BA.ZS,Uzbekistan,UZB,16.3034191131592
"Educational attainment, at least Bachelor's or equivalent, population 25+, total (%) (cumulative)",SE.TER.CUAT.BA.ZS,Vanuatu,VUT,..
"Educational attainment, at least Bachelor's or equivalent, population 25+, total (%) (cumulative)",SE.TER.CUAT.BA.ZS,"Venezuela, RB",VEN,25.1461696624756
"Educational attainment, at least Bachelor's or equivalent, population 25+, total (%) (cumulative)",SE.TER.CUAT.BA.ZS,Vietnam,VNM,..
"Educational attainment, at least Bachelor's or equivalent, population 25+, total (%) (cumulative)",SE.TER.CUAT.BA.ZS,Virgin Islands (U.S.),VIR,..
"Educational attainment, at least Bachelor's or equivalent, population 25+, total (%) (cumulative)",SE.TER.CUAT.BA.ZS,West Bank and Gaza,PSE,19.0867595672607
"Educational attainment, at least Bachelor's or equivalent, population 25+, total (%) (cumulative)",SE.TER.CUAT.BA.ZS,"Yemen, Rep.",YEM,..
"Educational attainment, at least Bachelor's or equivalent, population 25+, total (%) (cumulative)",SE.TER.CUAT.BA.ZS,Zambia,ZMB,..
"Educational attainment, at least Bachelor's or equivalent, population 25+, total (%) (cumulative)",SE.TER.CUAT.BA.ZS,Zimbabwe,ZWE,3.25141000747681
"Educational attainment, at least Bachelor's or equivalent, population 25+, total (%) (cumulative)",SE.TER.CUAT.BA.ZS,Africa Eastern and Southern,AFE,..
"Educational attainment, at least Bachelor's or equivalent, population 25+, total (%) (cumulative)",SE.TER.CUAT.BA.ZS,Africa Western and Central,AFW,..
"Educational attainment, at least Bachelor's or equivalent, population 25+, total (%) (cumulative)",SE.TER.CUAT.BA.ZS,Arab World,ARB,..
"Educational attainment, at least Bachelor's or equivalent, population 25+, total (%) (cumulative)",SE.TER.CUAT.BA.ZS,Caribbean small states,CSS,..
"Educational attainment, at least Bachelor's or equivalent, population 25+, total (%) (cumulative)",SE.TER.CUAT.BA.ZS,Central Europe and the Baltics,CEB,..
"Educational attainment, at least Bachelor's or equivalent, population 25+, total (%) (cumulative)",SE.TER.CUAT.BA.ZS,Early-demographic dividend,EAR,..
"Educational attainment, at least Bachelor's or equivalent, population 25+, total (%) (cumulative)",SE.TER.CUAT.BA.ZS,East Asia & Pacific,EAS,..
"Educational attainment, at least Bachelor's or equivalent, population 25+, total (%) (cumulative)",SE.TER.CUAT.BA.ZS,East Asia & Pacific (excluding high income),EAP,..
"Educational attainment, at least Bachelor's or equivalent, population 25+, total (%) (cumulative)",SE.TER.CUAT.BA.ZS,East Asia & Pacific (IDA & IBRD countries),TEA,..
"Educational attainment, at least Bachelor's or equivalent, population 25+, total (%) (cumulative)",SE.TER.CUAT.BA.ZS,Euro area,EMU,..
"Educational attainment, at least Bachelor's or equivalent, population 25+, total (%) (cumulative)",SE.TER.CUAT.BA.ZS,Europe & Central Asia,ECS,..
"Educational attainment, at least Bachelor's or equivalent, population 25+, total (%) (cumulative)",SE.TER.CUAT.BA.ZS,Europe & Central Asia (excluding high income),ECA,..
"Educational attainment, at least Bachelor's or equivalent, population 25+, total (%) (cumulative)",SE.TER.CUAT.BA.ZS,Europe & Central Asia (IDA & IBRD countries),TEC,..
"Educational attainment, at least Bachelor's or equivalent, population 25+, total (%) (cumulative)",SE.TER.CUAT.BA.ZS,European Union,EUU,..
"Educational attainment, at least Bachelor's or equivalent, population 25+, total (%) (cumulative)",SE.TER.CUAT.BA.ZS,Fragile and conflict affected situations,FCS,..
"Educational attainment, at least Bachelor's or equivalent, population 25+, total (%) (cumulative)",SE.TER.CUAT.BA.ZS,Heavily indebted poor countries (HIPC),HPC,..
"Educational attainment, at least Bachelor's or equivalent, population 25+, total (%) (cumulative)",SE.TER.CUAT.BA.ZS,High income,HIC,..
"Educational attainment, at least Bachelor's or equivalent, population 25+, total (%) (cumulative)",SE.TER.CUAT.BA.ZS,IBRD only,IBD,..
"Educational attainment, at least Bachelor's or equivalent, population 25+, total (%) (cumulative)",SE.TER.CUAT.BA.ZS,IDA & IBRD total,IBT,..
"Educational attainment, at least Bachelor's or equivalent, population 25+, total (%) (cumulative)",SE.TER.CUAT.BA.ZS,IDA blend,IDB,..
"Educational attainment, at least Bachelor's or equivalent, population 25+, total (%) (cumulative)",SE.TER.CUAT.BA.ZS,IDA only,IDX,..
"Educational attainment, at least Bachelor's or equivalent, population 25+, total (%) (cumulative)",SE.TER.CUAT.BA.ZS,IDA total,IDA,..
"Educational attainment, at least Bachelor's or equivalent, population 25+, total (%) (cumulative)",SE.TER.CUAT.BA.ZS,Late-demographic dividend,LTE,..
"Educational attainment, at least Bachelor's or equivalent, population 25+, total (%) (cumulative)",SE.TER.CUAT.BA.ZS,Latin America & Caribbean,LCN,..
"Educational attainment, at least Bachelor's or equivalent, population 25+, total (%) (cumulative)",SE.TER.CUAT.BA.ZS,Latin America & Caribbean (excluding high income),LAC,..
"Educational attainment, at least Bachelor's or equivalent, population 25+, total (%) (cumulative)",SE.TER.CUAT.BA.ZS,Latin America & the Caribbean (IDA & IBRD countries),TLA,..
"Educational attainment, at least Bachelor's or equivalent, population 25+, total (%) (cumulative)",SE.TER.CUAT.BA.ZS,Least developed countries: UN classification,LDC,..
"Educational attainment, at least Bachelor's or equivalent, population 25+, total (%) (cumulative)",SE.TER.CUAT.BA.ZS,Low & middle income,LMY,..
"Educational attainment, at least Bachelor's or equivalent, population 25+, total (%) (cumulative)",SE.TER.CUAT.BA.ZS,Low income,LIC,..
"Educational attainment, at least Bachelor's or equivalent, population 25+, total (%) (cumulative)",SE.TER.CUAT.BA.ZS,Lower middle income,LMC,..
"Educational attainment, at least Bachelor's or equivalent, population 25+, total (%) (cumulative)",SE.TER.CUAT.BA.ZS,Middle East & North Africa,MEA,..
"Educational attainment, at least Bachelor's or equivalent, population 25+, total (%) (cumulative)",SE.TER.CUAT.BA.ZS,Middle East & North Africa (excluding high income),MNA,..
"Educational attainment, at least Bachelor's or equivalent, population 25+, total (%) (cumulative)",SE.TER.CUAT.BA.ZS,Middle East & North Africa (IDA & IBRD countries),TMN,..
"Educational attainment, at least Bachelor's or equivalent, population 25+, total (%) (cumulative)",SE.TER.CUAT.BA.ZS,Middle income,MIC,..
"Educational attainment, at least Bachelor's or equivalent, population 25+, total (%) (cumulative)",SE.TER.CUAT.BA.ZS,North America,NAC,..
"Educational attainment, at least Bachelor's or equivalent, population 25+, total (%) (cumulative)",SE.TER.CUAT.BA.ZS,Not classified,INX,..
"Educational attainment, at least Bachelor's or equivalent, population 25+, total (%) (cumulative)",SE.TER.CUAT.BA.ZS,OECD members,OED,..
"Educational attainment, at least Bachelor's or equivalent, population 25+, total (%) (cumulative)",SE.TER.CUAT.BA.ZS,Other small states,OSS,..
"Educational attainment, at least Bachelor's or equivalent, population 25+, total (%) (cumulative)",SE.TER.CUAT.BA.ZS,Pacific island small states,PSS,..
"Educational attainment, at least Bachelor's or equivalent, population 25+, total (%) (cumulative)",SE.TER.CUAT.BA.ZS,Post-demographic dividend,PST,..
"Educational attainment, at least Bachelor's or equivalent, population 25+, total (%) (cumulative)",SE.TER.CUAT.BA.ZS,Pre-demographic dividend,PRE,..
"Educational attainment, at least Bachelor's or equivalent, population 25+, total (%) (cumulative)",SE.TER.CUAT.BA.ZS,Small states,SST,..
"Educational attainment, at least Bachelor's or equivalent, population 25+, total (%) (cumulative)",SE.TER.CUAT.BA.ZS,South Asia,SAS,..
"Educational attainment, at least Bachelor's or equivalent, population 25+, total (%) (cumulative)",SE.TER.CUAT.BA.ZS,South Asia (IDA & IBRD),TSA,..
"Educational attainment, at least Bachelor's or equivalent, population 25+, total (%) (cumulative)",SE.TER.CUAT.BA.ZS,Sub-Saharan Africa,SSF,..
"Educational attainment, at least Bachelor's or equivalent, population 25+, total (%) (cumulative)",SE.TER.CUAT.BA.ZS,Sub-Saharan Africa (excluding high income),SSA,..
"Educational attainment, at least Bachelor's or equivalent, population 25+, total (%) (cumulative)",SE.TER.CUAT.BA.ZS,Sub-Saharan Africa (IDA & IBRD countries),TSS,..
"Educational attainment, at least Bachelor's or equivalent, population 25+, total (%) (cumulative)",SE.TER.CUAT.BA.ZS,Upper middle income,UMC,..
"Educational attainment, at least Bachelor's or equivalent, population 25+, total (%) (cumulative)",SE.TER.CUAT.BA.ZS,World,WLD,..
Gini index (World Bank estimate),SI.POV.GINI,Afghanistan,AFG,..
Gini index (World Bank estimate),SI.POV.GINI,Albania,ALB,33.2
Gini index (World Bank estimate),SI.POV.GINI,Algeria,DZA,27.6
Gini index (World Bank estimate),SI.POV.GINI,American Samoa,ASM,..
Gini index (World Bank estimate),SI.POV.GINI,Andorra,AND,..
Gini index (World Bank estimate),SI.POV.GINI,Angola,AGO,51.3
Gini index (World Bank estimate),SI.POV.GINI,Antigua and Barbuda,ATG,..
Gini index (World Bank estimate),SI.POV.GINI,Argentina,ARG,42.9
Gini index (World Bank estimate),SI.POV.GINI,Armenia,ARM,29.9
Gini index (World Bank estimate),SI.POV.GINI,Aruba,ABW,..
Gini index (World Bank estimate),SI.POV.GINI,Australia,AUS,34.4
Gini index (World Bank estimate),SI.POV.GINI,Austria,AUT,30.8
Gini index (World Bank estimate),SI.POV.GINI,Azerbaijan,AZE,26.6
Gini index (World Bank estimate),SI.POV.GINI,"Bahamas, The",BHS,..
Gini index (World Bank estimate),SI.POV.GINI,Bahrain,BHR,..
Gini index (World Bank estimate),SI.POV.GINI,Bangladesh,BGD,32.4
Gini index (World Bank estimate),SI.POV.GINI,Barbados,BRB,..
Gini index (World Bank estimate),SI.POV.GINI,Belarus,BLR,25.3
Gini index (World Bank estimate),SI.POV.GINI,Belgium,BEL,27.2
Gini index (World Bank estimate),SI.POV.GINI,Belize,BLZ,53.3
Gini index (World Bank estimate),SI.POV.GINI,Benin,BEN,47.8
Gini index (World Bank estimate),SI.POV.GINI,Bermuda,BMU,..
Gini index (World Bank estimate),SI.POV.GINI,Bhutan,BTN,37.4
Gini index (World Bank estimate),SI.POV.GINI,Bolivia,BOL,41.6
Gini index (World Bank estimate),SI.POV.GINI,Bosnia and Herzegovina,BIH,33
Gini index (World Bank estimate),SI.POV.GINI,Botswana,BWA,53.3
Gini index (World Bank estimate),SI.POV.GINI,Brazil,BRA,53.4
Gini index (World Bank estimate),SI.POV.GINI,British Virgin Islands,VGB,..
Gini index (World Bank estimate),SI.POV.GINI,Brunei Darussalam,BRN,..
Gini index (World Bank estimate),SI.POV.GINI,Bulgaria,BGR,41.3
Gini index (World Bank estimate),SI.POV.GINI,Burkina Faso,BFA,35.3
Gini index (World Bank estimate),SI.POV.GINI,Burundi,BDI,38.6
Gini index (World Bank estimate),SI.POV.GINI,Cabo Verde,CPV,42.4
Gini index (World Bank estimate),SI.POV.GINI,Cambodia,KHM,..
Gini index (World Bank estimate),SI.POV.GINI,Cameroon,CMR,46.6
Gini index (World Bank estimate),SI.POV.GINI,Canada,CAN,33.3
Gini index (World Bank estimate),SI.POV.GINI,Cayman Islands,CYM,..
Gini index (World Bank estimate),SI.POV.GINI,Central African Republic,CAF,56.2
Gini index (World Bank estimate),SI.POV.GINI,Chad,TCD,43.3
Gini index (World Bank estimate),SI.POV.GINI,Channel Islands,CHI,..
Gini index (World Bank estimate),SI.POV.GINI,Chile,CHL,44.4
Gini index (World Bank estimate),SI.POV.GINI,China,CHN,38.5
Gini index (World Bank estimate),SI.POV.GINI,Colombia,COL,51.3
Gini index (World Bank estimate),SI.POV.GINI,Comoros,COM,45.3
Gini index (World Bank estimate),SI.POV.GINI,"Congo, Dem. Rep.",COD,42.1
Gini index (World Bank estimate),SI.POV.GINI,"Congo, Rep.",COG,48.9
Gini index (World Bank estimate),SI.POV.GINI,Costa Rica,CRI,48.2
Gini index (World Bank estimate),SI.POV.GINI,Cote d'Ivoire,CIV,41.5
Gini index (World Bank estimate),SI.POV.GINI,Croatia,HRV,29.7
Gini index (World Bank estimate),SI.POV.GINI,Cuba,CUB,..
Gini index (World Bank estimate),SI.POV.GINI,Curacao,CUW,..
Gini index (World Bank estimate),SI.POV.GINI,Cyprus,CYP,32.7
Gini index (World Bank estimate),SI.POV.GINI,Czech Republic,CZE,25
Gini index (World Bank estimate),SI.POV.GINI,Denmark,DNK,28.2
Gini index (World Bank estimate),SI.POV.GINI,Djibouti,DJI,41.6
Gini index (World Bank estimate),SI.POV.GINI,Dominica,DMA,..
Gini index (World Bank estimate),SI.POV.GINI,Dominican Republic,DOM,41.9
Gini index (World Bank estimate),SI.POV.GINI,Ecuador,ECU,45.7
Gini index (World Bank estimate),SI.POV.GINI,"Egypt, Arab Rep.",EGY,31.5
Gini index (World Bank estimate),SI.POV.GINI,El Salvador,SLV,38.8
Gini index (World Bank estimate),SI.POV.GINI,Equatorial Guinea,GNQ,..
Gini index (World Bank estimate),SI.POV.GINI,Eritrea,ERI,..
Gini index (World Bank estimate),SI.POV.GINI,Estonia,EST,30.3
Gini index (World Bank estimate),SI.POV.GINI,Eswatini,SWZ,54.6
Gini index (World Bank estimate),SI.POV.GINI,Ethiopia,ETH,35
Gini index (World Bank estimate),SI.POV.GINI,Faroe Islands,FRO,..
Gini index (World Bank estimate),SI.POV.GINI,Fiji,FJI,36.7
Gini index (World Bank estimate),SI.POV.GINI,Finland,FIN,27.3
Gini index (World Bank estimate),SI.POV.GINI,France,FRA,32.4
Gini index (World Bank estimate),SI.POV.GINI,French Polynesia,PYF,..
Gini index (World Bank estimate),SI.POV.GINI,Gabon,GAB,38
Gini index (World Bank estimate),SI.POV.GINI,"Gambia, The",GMB,35.9
Gini index (World Bank estimate),SI.POV.GINI,Georgia,GEO,35.9
Gini index (World Bank estimate),SI.POV.GINI,Germany,DEU,31.9
Gini index (World Bank estimate),SI.POV.GINI,Ghana,GHA,43.5
Gini index (World Bank estimate),SI.POV.GINI,Gibraltar,GIB,..
Gini index (World Bank estimate),SI.POV.GINI,Greece,GRC,32.9
Gini index (World Bank estimate),SI.POV.GINI,Greenland,GRL,..
Gini index (World Bank estimate),SI.POV.GINI,Grenada,GRD,..
Gini index (World Bank estimate),SI.POV.GINI,Guam,GUM,..
Gini index (World Bank estimate),SI.POV.GINI,Guatemala,GTM,48.3
Gini index (World Bank estimate),SI.POV.GINI,Guinea,GIN,33.7
Gini index (World Bank estimate),SI.POV.GINI,Guinea-Bissau,GNB,50.7
Gini index (World Bank estimate),SI.POV.GINI,Guyana,GUY,45.1
Gini index (World Bank estimate),SI.POV.GINI,Haiti,HTI,41.1
Gini index (World Bank estimate),SI.POV.GINI,Honduras,HND,48.2
Gini index (World Bank estimate),SI.POV.GINI,"Hong Kong SAR, China",HKG,..
Gini index (World Bank estimate),SI.POV.GINI,Hungary,HUN,29.6
Gini index (World Bank estimate),SI.POV.GINI,Iceland,ISL,26.1
Gini index (World Bank estimate),SI.POV.GINI,India,IND,35.7
Gini index (World Bank estimate),SI.POV.GINI,Indonesia,IDN,38.2
Gini index (World Bank estimate),SI.POV.GINI,"Iran, Islamic Rep.",IRN,42
Gini index (World Bank estimate),SI.POV.GINI,Iraq,IRQ,29.5
Gini index (World Bank estimate),SI.POV.GINI,Ireland,IRL,31.4
Gini index (World Bank estimate),SI.POV.GINI,Isle of Man,IMN,..
Gini index (World Bank estimate),SI.POV.GINI,Israel,ISR,39
Gini index (World Bank estimate),SI.POV.GINI,Italy,ITA,35.9
Gini index (World Bank estimate),SI.POV.GINI,Jamaica,JAM,45.5
Gini index (World Bank estimate),SI.POV.GINI,Japan,JPN,32.9
Gini index (World Bank estimate),SI.POV.GINI,Jordan,JOR,33.7
Gini index (World Bank estimate),SI.POV.GINI,Kazakhstan,KAZ,27.8
Gini index (World Bank estimate),SI.POV.GINI,Kenya,KEN,40.8
Gini index (World Bank estimate),SI.POV.GINI,Kiribati,KIR,37
Gini index (World Bank estimate),SI.POV.GINI,"Korea, Dem. People's Rep.",PRK,..
Gini index (World Bank estimate),SI.POV.GINI,"Korea, Rep.",KOR,31.4
Gini index (World Bank estimate),SI.POV.GINI,Kosovo,XKX,29
Gini index (World Bank estimate),SI.POV.GINI,Kuwait,KWT,..
Gini index (World Bank estimate),SI.POV.GINI,Kyrgyz Republic,KGZ,29.7
Gini index (World Bank estimate),SI.POV.GINI,Lao PDR,LAO,38.8
Gini index (World Bank estimate),SI.POV.GINI,Latvia,LVA,35.1
Gini index (World Bank estimate),SI.POV.GINI,Lebanon,LBN,31.8
Gini index (World Bank estimate),SI.POV.GINI,Lesotho,LSO,44.9
Gini index (World Bank estimate),SI.POV.GINI,Liberia,LBR,35.3
Gini index (World Bank estimate),SI.POV.GINI,Libya,LBY,..
Gini index (World Bank estimate),SI.POV.GINI,Liechtenstein,LIE,..
Gini index (World Bank estimate),SI.POV.GINI,Lithuania,LTU,35.7
Gini index (World Bank estimate),SI.POV.GINI,Luxembourg,LUX,35.4
Gini index (World Bank estimate),SI.POV.GINI,"Macao SAR, China",MAC,..
Gini index (World Bank estimate),SI.POV.GINI,Madagascar,MDG,42.6
Gini index (World Bank estimate),SI.POV.GINI,Malawi,MWI,44.7
Gini index (World Bank estimate),SI.POV.GINI,Malaysia,MYS,41.1
Gini index (World Bank estimate),SI.POV.GINI,Maldives,MDV,31.3
Gini index (World Bank estimate),SI.POV.GINI,Mali,MLI,33
Gini index (World Bank estimate),SI.POV.GINI,Malta,MLT,28.7
Gini index (World Bank estimate),SI.POV.GINI,Marshall Islands,MHL,..
Gini index (World Bank estimate),SI.POV.GINI,Mauritania,MRT,32.6
Gini index (World Bank estimate),SI.POV.GINI,Mauritius,MUS,36.8
Gini index (World Bank estimate),SI.POV.GINI,Mexico,MEX,45.4
Gini index (World Bank estimate),SI.POV.GINI,"Micronesia, Fed. Sts.",FSM,40.1
Gini index (World Bank estimate),SI.POV.GINI,Moldova,MDA,25.7
Gini index (World Bank estimate),SI.POV.GINI,Monaco,MCO,..
Gini index (World Bank estimate),SI.POV.GINI,Mongolia,MNG,32.7
Gini index (World Bank estimate),SI.POV.GINI,Montenegro,MNE,38.5
Gini index (World Bank estimate),SI.POV.GINI,Morocco,MAR,39.5
Gini index (World Bank estimate),SI.POV.GINI,Mozambique,MOZ,54
Gini index (World Bank estimate),SI.POV.GINI,Myanmar,MMR,30.7
Gini index (World Bank estimate),SI.POV.GINI,Namibia,NAM,59.1
Gini index (World Bank estimate),SI.POV.GINI,Nauru,NRU,34.8
Gini index (World Bank estimate),SI.POV.GINI,Nepal,NPL,32.8
Gini index (World Bank estimate),SI.POV.GINI,Netherlands,NLD,28.1
Gini index (World Bank estimate),SI.POV.GINI,New Caledonia,NCL,..
Gini index (World Bank estimate),SI.POV.GINI,New Zealand,NZL,..
Gini index (World Bank estimate),SI.POV.GINI,Nicaragua,NIC,46.2
Gini index (World Bank estimate),SI.POV.GINI,Niger,NER,34.3
Gini index (World Bank estimate),SI.POV.GINI,Nigeria,NGA,35.1
Gini index (World Bank estimate),SI.POV.GINI,North Macedonia,MKD,33
Gini index (World Bank estimate),SI.POV.GINI,Northern Mariana Islands,MNP,..
Gini index (World Bank estimate),SI.POV.GINI,Norway,NOR,27.6
Gini index (World Bank estimate),SI.POV.GINI,Oman,OMN,..
Gini index (World Bank estimate),SI.POV.GINI,Pakistan,PAK,31.6
Gini index (World Bank estimate),SI.POV.GINI,Palau,PLW,..
Gini index (World Bank estimate),SI.POV.GINI,Panama,PAN,49.8
Gini index (World Bank estimate),SI.POV.GINI,Papua New Guinea,PNG,41.9
Gini index (World Bank estimate),SI.POV.GINI,Paraguay,PRY,45.7
Gini index (World Bank estimate),SI.POV.GINI,Peru,PER,41.5
Gini index (World Bank estimate),SI.POV.GINI,Philippines,PHL,42.3
Gini index (World Bank estimate),SI.POV.GINI,Poland,POL,30.2
Gini index (World Bank estimate),SI.POV.GINI,Portugal,PRT,33.5
Gini index (World Bank estimate),SI.POV.GINI,Puerto Rico,PRI,..
Gini index (World Bank estimate),SI.POV.GINI,Qatar,QAT,..
Gini index (World Bank estimate),SI.POV.GINI,Romania,ROU,35.8
Gini index (World Bank estimate),SI.POV.GINI,Russian Federation,RUS,37.5
Gini index (World Bank estimate),SI.POV.GINI,Rwanda,RWA,43.7
Gini index (World Bank estimate),SI.POV.GINI,Samoa,WSM,38.7
Gini index (World Bank estimate),SI.POV.GINI,San Marino,SMR,..
Gini index (World Bank estimate),SI.POV.GINI,Sao Tome and Principe,STP,56.3
Gini index (World Bank estimate),SI.POV.GINI,Saudi Arabia,SAU,..
Gini index (World Bank estimate),SI.POV.GINI,Senegal,SEN,40.3
Gini index (World Bank estimate),SI.POV.GINI,Serbia,SRB,36.2
Gini index (World Bank estimate),SI.POV.GINI,Seychelles,SYC,32.1
Gini index (World Bank estimate),SI.POV.GINI,Sierra Leone,SLE,35.7
Gini index (World Bank estimate),SI.POV.GINI,Singapore,SGP,..
Gini index (World Bank estimate),SI.POV.GINI,Sint Maarten (Dutch part),SXM,..
Gini index (World Bank estimate),SI.POV.GINI,Slovak Republic,SVK,25
Gini index (World Bank estimate),SI.POV.GINI,Slovenia,SVN,24.6
Gini index (World Bank estimate),SI.POV.GINI,Solomon Islands,SLB,37.1
Gini index (World Bank estimate),SI.POV.GINI,Somalia,SOM,36.8
Gini index (World Bank estimate),SI.POV.GINI,South Africa,ZAF,63
Gini index (World Bank estimate),SI.POV.GINI,South Sudan,SSD,44.1
Gini index (World Bank estimate),SI.POV.GINI,Spain,ESP,34.7
Gini index (World Bank estimate),SI.POV.GINI,Sri Lanka,LKA,39.3
Gini index (World Bank estimate),SI.POV.GINI,St. Kitts and Nevis,KNA,..
Gini index (World Bank estimate),SI.POV.GINI,St. Lucia,LCA,51.2
Gini index (World Bank estimate),SI.POV.GINI,St. Martin (French part),MAF,..
Gini index (World Bank estimate),SI.POV.GINI,St. Vincent and the Grenadines,VCT,..
Gini index (World Bank estimate),SI.POV.GINI,Sudan,SDN,34.2
Gini index (World Bank estimate),SI.POV.GINI,Suriname,SUR,57.9
Gini index (World Bank estimate),SI.POV.GINI,Sweden,SWE,30
Gini index (World Bank estimate),SI.POV.GINI,Switzerland,CHE,33.1
Gini index (World Bank estimate),SI.POV.GINI,Syrian Arab Republic,SYR,37.5
Gini index (World Bank estimate),SI.POV.GINI,Tajikistan,TJK,34
Gini index (World Bank estimate),SI.POV.GINI,Tanzania,TZA,40.5
Gini index (World Bank estimate),SI.POV.GINI,Thailand,THA,34.9
Gini index (World Bank estimate),SI.POV.GINI,Timor-Leste,TLS,28.7
Gini index (World Bank estimate),SI.POV.GINI,Togo,TGO,43.1
Gini index (World Bank estimate),SI.POV.GINI,Tonga,TON,37.6
Gini index (World Bank estimate),SI.POV.GINI,Trinidad and Tobago,TTO,40.3
Gini index (World Bank estimate),SI.POV.GINI,Tunisia,TUN,32.8
Gini index (World Bank estimate),SI.POV.GINI,Turkey,TUR,41.9
Gini index (World Bank estimate),SI.POV.GINI,Turkmenistan,TKM,40.8
Gini index (World Bank estimate),SI.POV.GINI,Turks and Caicos Islands,TCA,..
Gini index (World Bank estimate),SI.POV.GINI,Tuvalu,TUV,39.1
Gini index (World Bank estimate),SI.POV.GINI,Uganda,UGA,42.8
Gini index (World Bank estimate),SI.POV.GINI,Ukraine,UKR,26.6
Gini index (World Bank estimate),SI.POV.GINI,United Arab Emirates,ARE,26
Gini index (World Bank estimate),SI.POV.GINI,United Kingdom,GBR,35.1
Gini index (World Bank estimate),SI.POV.GINI,United States,USA,41.4
Gini index (World Bank estimate),SI.POV.GINI,Uruguay,URY,39.7
Gini index (World Bank estimate),SI.POV.GINI,Uzbekistan,UZB,35.3
Gini index (World Bank estimate),SI.POV.GINI,Vanuatu,VUT,37.6
Gini index (World Bank estimate),SI.POV.GINI,"Venezuela, RB",VEN,44.8
Gini index (World Bank estimate),SI.POV.GINI,Vietnam,VNM,35.7
Gini index (World Bank estimate),SI.POV.GINI,Virgin Islands (U.S.),VIR,..
Gini index (World Bank estimate),SI.POV.GINI,West Bank and Gaza,PSE,33.7
Gini index (World Bank estimate),SI.POV.GINI,"Yemen, Rep.",YEM,36.7
Gini index (World Bank estimate),SI.POV.GINI,Zambia,ZMB,57.1
Gini index (World Bank estimate),SI.POV.GINI,Zimbabwe,ZWE,50.3
Gini index (World Bank estimate),SI.POV.GINI,Africa Eastern and Southern,AFE,..
Gini index (World Bank estimate),SI.POV.GINI,Africa Western and Central,AFW,..
Gini index (World Bank estimate),SI.POV.GINI,Arab World,ARB,..
Gini index (World Bank estimate),SI.POV.GINI,Caribbean small states,CSS,..
Gini index (World Bank estimate),SI.POV.GINI,Central Europe and the Baltics,CEB,..
Gini index (World Bank estimate),SI.POV.GINI,Early-demographic dividend,EAR,..
Gini index (World Bank estimate),SI.POV.GINI,East Asia & Pacific,EAS,..
Gini index (World Bank estimate),SI.POV.GINI,East Asia & Pacific (excluding high income),EAP,..
Gini index (World Bank estimate),SI.POV.GINI,East Asia & Pacific (IDA & IBRD countries),TEA,..
Gini index (World Bank estimate),SI.POV.GINI,Euro area,EMU,..
Gini index (World Bank estimate),SI.POV.GINI,Europe & Central Asia,ECS,..
Gini index (World Bank estimate),SI.POV.GINI,Europe & Central Asia (excluding high income),ECA,..
Gini index (World Bank estimate),SI.POV.GINI,Europe & Central Asia (IDA & IBRD countries),TEC,..
Gini index (World Bank estimate),SI.POV.GINI,European Union,EUU,..
Gini index (World Bank estimate),SI.POV.GINI,Fragile and conflict affected situations,FCS,..
Gini index (World Bank estimate),SI.POV.GINI,Heavily indebted poor countries (HIPC),HPC,..
Gini index (World Bank estimate),SI.POV.GINI,High income,HIC,..
Gini index (World Bank estimate),SI.POV.GINI,IBRD only,IBD,..
Gini index (World Bank estimate),SI.POV.GINI,IDA & IBRD total,IBT,..
Gini index (World Bank estimate),SI.POV.GINI,IDA blend,IDB,..
Gini index (World Bank estimate),SI.POV.GINI,IDA only,IDX,..
Gini index (World Bank estimate),SI.POV.GINI,IDA total,IDA,..
Gini index (World Bank estimate),SI.POV.GINI,Late-demographic dividend,LTE,..
Gini index (World Bank estimate),SI.POV.GINI,Latin America & Caribbean,LCN,..
Gini index (World Bank estimate),SI.POV.GINI,Latin America & Caribbean (excluding high income),LAC,..
Gini index (World Bank estimate),SI.POV.GINI,Latin America & the Caribbean (IDA & IBRD countries),TLA,..
Gini index (World Bank estimate),SI.POV.GINI,Least developed countries: UN classification,LDC,..
Gini index (World Bank estimate),SI.POV.GINI,Low & middle income,LMY,..
Gini index (World Bank estimate),SI.POV.GINI,Low income,LIC,..
Gini index (World Bank estimate),SI.POV.GINI,Lower middle income,LMC,..
Gini index (World Bank estimate),SI.POV.GINI,Middle East & North Africa,MEA,..
Gini index (World Bank estimate),SI.POV.GINI,Middle East & North Africa (excluding high income),MNA,..
Gini index (World Bank estimate),SI.POV.GINI,Middle East & North Africa (IDA & IBRD countries),TMN,..
Gini index (World Bank estimate),SI.POV.GINI,Middle income,MIC,..
Gini index (World Bank estimate),SI.POV.GINI,North America,NAC,..
Gini index (World Bank estimate),SI.POV.GINI,Not classified,INX,..
Gini index (World Bank estimate),SI.POV.GINI,OECD members,OED,..
Gini index (World Bank estimate),SI.POV.GINI,Other small states,OSS,..
Gini index (World Bank estimate),SI.POV.GINI,Pacific island small states,PSS,..
Gini index (World Bank estimate),SI.POV.GINI,Post-demographic dividend,PST,..
Gini index (World Bank estimate),SI.POV.GINI,Pre-demographic dividend,PRE,..
Gini index (World Bank estimate),SI.POV.GINI,Small states,SST,..
Gini index (World Bank estimate),SI.POV.GINI,South Asia,SAS,..
Gini index (World Bank estimate),SI.POV.GINI,South Asia (IDA & IBRD),TSA,..
Gini index (World Bank estimate),SI.POV.GINI,Sub-Saharan Africa,SSF,..
Gini index (World Bank estimate),SI.POV.GINI,Sub-Saharan Africa (excluding high income),SSA,..
Gini index (World Bank estimate),SI.POV.GINI,Sub-Saharan Africa (IDA & IBRD countries),TSS,..
Gini index (World Bank estimate),SI.POV.GINI,Upper middle income,UMC,..
Gini index (World Bank estimate),SI.POV.GINI,World,WLD,..
,,,,
,,,,
,,,,
Data from database: World Development Indicators,,,,
Last Updated: 09/15/2021,,,,
